ID,Business_Sourced
FIN1009528,1.0
FIN1009529,0.0
FIN1009530,0.0
FIN1009531,0.0
FIN1009532,0.0
FIN1009533,0.0
FIN1009534,0.0
FIN1009535,0.0
FIN1009536,0.0
FIN1009537,0.0
FIN1009538,1.0
FIN1009539,0.0
FIN1009540,0.0
FIN1009541,1.0
FIN1009542,0.0
FIN1009543,0.0
FIN1009544,1.0
FIN1009545,0.0
FIN1009546,0.0
FIN1009547,0.0
FIN1009548,1.0
FIN1009549,0.0
FIN1009550,0.0
FIN1009551,1.0
FIN1009552,0.0
FIN1009553,1.0
FIN1009554,1.0
FIN1009555,1.0
FIN1009556,1.0
FIN1009557,0.0
FIN1009558,1.0
FIN1009559,0.0
FIN1009560,1.0
FIN1009561,0.0
FIN1009562,1.0
FIN1009563,0.0
FIN1009564,1.0
FIN1009565,0.0
FIN1009566,0.0
FIN1009567,1.0
FIN1009568,0.0
FIN1009569,0.0
FIN1009570,0.0
FIN1009571,0.0
FIN1009572,1.0
FIN1009573,1.0
FIN1009574,1.0
FIN1009575,0.0
FIN1009576,1.0
FIN1009577,0.0
FIN1009578,0.0
FIN1009579,1.0
FIN1009580,0.0
FIN1009581,1.0
FIN1009582,0.0
FIN1009583,0.0
FIN1009584,1.0
FIN1009585,1.0
FIN1009586,0.0
FIN1009587,0.0
FIN1009588,1.0
FIN1009589,0.0
FIN1009590,1.0
FIN1009591,1.0
FIN1009592,0.0
FIN1009593,0.0
FIN1009594,1.0
FIN1009595,1.0
FIN1009596,0.0
FIN1009597,0.0
FIN1009598,0.0
FIN1009599,0.0
FIN1009600,1.0
FIN1009601,1.0
FIN1009602,1.0
FIN1009603,1.0
FIN1009604,1.0
FIN1009605,0.0
FIN1009606,1.0
FIN1009607,1.0
FIN1009608,0.0
FIN1009609,1.0
FIN1009610,1.0
FIN1009611,1.0
FIN1009612,0.0
FIN1009613,0.0
FIN1009614,0.0
FIN1009615,1.0
FIN1009616,0.0
FIN1009617,1.0
FIN1009618,1.0
FIN1009619,1.0
FIN1009620,0.0
FIN1009621,0.0
FIN1009622,1.0
FIN1009623,1.0
FIN1009624,0.0
FIN1009625,0.0
FIN1009626,0.0
FIN1009627,0.0
FIN1009628,0.0
FIN1009629,0.0
FIN1009630,0.0
FIN1009631,1.0
FIN1009632,0.0
FIN1009633,1.0
FIN1009634,1.0
FIN1009635,0.0
FIN1009636,1.0
FIN1009637,0.0
FIN1009638,0.0
FIN1009639,0.0
FIN1009640,0.0
FIN1009641,1.0
FIN1009642,0.0
FIN1009643,0.0
FIN1009644,0.0
FIN1009645,0.0
FIN1009646,1.0
FIN1009647,1.0
FIN1009648,1.0
FIN1009649,1.0
FIN1009650,0.0
FIN1009651,1.0
FIN1009652,1.0
FIN1009653,0.0
FIN1009654,0.0
FIN1009655,0.0
FIN1009656,1.0
FIN1009657,1.0
FIN1009658,1.0
FIN1009659,1.0
FIN1009660,1.0
FIN1009661,1.0
FIN1009662,0.0
FIN1009663,0.0
FIN1009664,0.0
FIN1009665,0.0
FIN1009666,0.0
FIN1009667,0.0
FIN1009668,1.0
FIN1009669,0.0
FIN1009670,0.0
FIN1009671,0.0
FIN1009672,0.0
FIN1009673,0.0
FIN1009674,1.0
FIN1009675,1.0
FIN1009676,0.0
FIN1009677,1.0
FIN1009678,1.0
FIN1009679,1.0
FIN1009680,0.0
FIN1009681,0.0
FIN1009682,1.0
FIN1009683,0.0
FIN1009684,1.0
FIN1009685,0.0
FIN1009686,0.0
FIN1009687,0.0
FIN1009688,0.0
FIN1009689,0.0
FIN1009690,1.0
FIN1009691,0.0
FIN1009692,0.0
FIN1009693,0.0
FIN1009694,0.0
FIN1009695,1.0
FIN1009696,0.0
FIN1009697,0.0
FIN1009698,1.0
FIN1009699,0.0
FIN1009700,0.0
FIN1009701,1.0
FIN1009702,1.0
FIN1009703,1.0
FIN1009704,0.0
FIN1009705,1.0
FIN1009706,1.0
FIN1009707,0.0
FIN1009708,0.0
FIN1009709,0.0
FIN1009710,0.0
FIN1009711,1.0
FIN1009712,1.0
FIN1009713,0.0
FIN1009714,1.0
FIN1009715,0.0
FIN1009716,0.0
FIN1009717,1.0
FIN1009718,1.0
FIN1009719,1.0
FIN1009720,1.0
FIN1009721,0.0
FIN1009722,0.0
FIN1009723,0.0
FIN1009724,0.0
FIN1009725,1.0
FIN1009726,0.0
FIN1009727,1.0
FIN1009728,1.0
FIN1009729,1.0
FIN1009730,0.0
FIN1009731,0.0
FIN1009732,0.0
FIN1009733,0.0
FIN1009734,1.0
FIN1009735,1.0
FIN1009736,1.0
FIN1009737,0.0
FIN1009738,0.0
FIN1009739,1.0
FIN1009740,0.0
FIN1009741,1.0
FIN1009742,1.0
FIN1009743,1.0
FIN1009744,1.0
FIN1009745,0.0
FIN1009746,0.0
FIN1009747,1.0
FIN1009748,0.0
FIN1009749,1.0
FIN1009750,1.0
FIN1009751,0.0
FIN1009752,0.0
FIN1009753,1.0
FIN1009754,0.0
FIN1009755,0.0
FIN1009756,0.0
FIN1009757,1.0
FIN1009758,1.0
FIN1009759,1.0
FIN1009760,0.0
FIN1009761,0.0
FIN1009762,1.0
FIN1009763,1.0
FIN1009764,1.0
FIN1009765,0.0
FIN1009766,0.0
FIN1009767,1.0
FIN1009768,1.0
FIN1009769,0.0
FIN1009770,0.0
FIN1009771,1.0
FIN1009772,1.0
FIN1009773,0.0
FIN1009774,0.0
FIN1009775,1.0
FIN1009776,0.0
FIN1009777,0.0
FIN1009778,0.0
FIN1009779,1.0
FIN1009780,1.0
FIN1009781,0.0
FIN1009782,0.0
FIN1009783,1.0
FIN1009784,0.0
FIN1009785,0.0
FIN1009786,0.0
FIN1009787,1.0
FIN1009788,1.0
FIN1009789,0.0
FIN1009790,0.0
FIN1009791,1.0
FIN1009792,1.0
FIN1009793,1.0
FIN1009794,0.0
FIN1009795,1.0
FIN1009796,0.0
FIN1009797,1.0
FIN1009798,0.0
FIN1009799,0.0
FIN1009800,0.0
FIN1009801,0.0
FIN1009802,0.0
FIN1009803,0.0
FIN1009804,0.0
FIN1009805,0.0
FIN1009806,0.0
FIN1009807,0.0
FIN1009808,1.0
FIN1009809,1.0
FIN1009810,1.0
FIN1009811,0.0
FIN1009812,1.0
FIN1009813,1.0
FIN1009814,1.0
FIN1009815,0.0
FIN1009816,0.0
FIN1009817,0.0
FIN1009818,1.0
FIN1009819,0.0
FIN1009820,0.0
FIN1009821,1.0
FIN1009822,0.0
FIN1009823,1.0
FIN1009824,0.0
FIN1009825,1.0
FIN1009826,0.0
FIN1009827,1.0
FIN1009828,0.0
FIN1009829,0.0
FIN1009830,0.0
FIN1009831,1.0
FIN1009832,1.0
FIN1009833,1.0
FIN1009834,0.0
FIN1009835,1.0
FIN1009836,0.0
FIN1009837,0.0
FIN1009838,0.0
FIN1009839,1.0
FIN1009840,0.0
FIN1009841,0.0
FIN1009842,0.0
FIN1009843,1.0
FIN1009844,0.0
FIN1009845,1.0
FIN1009846,1.0
FIN1009847,0.0
FIN1009848,0.0
FIN1009849,0.0
FIN1009850,0.0
FIN1009851,0.0
FIN1009852,0.0
FIN1009853,1.0
FIN1009854,0.0
FIN1009855,0.0
FIN1009856,1.0
FIN1009857,1.0
FIN1009858,1.0
FIN1009859,1.0
FIN1009860,0.0
FIN1009861,0.0
FIN1009862,1.0
FIN1009863,1.0
FIN1009864,0.0
FIN1009865,1.0
FIN1009866,0.0
FIN1009867,0.0
FIN1009868,0.0
FIN1009869,1.0
FIN1009870,0.0
FIN1009871,0.0
FIN1009872,1.0
FIN1009873,0.0
FIN1009874,1.0
FIN1009875,0.0
FIN1009876,0.0
FIN1009877,0.0
FIN1009878,0.0
FIN1009879,1.0
FIN1009880,1.0
FIN1009881,0.0
FIN1009882,1.0
FIN1009883,1.0
FIN1009884,0.0
FIN1009885,1.0
FIN1009886,0.0
FIN1009887,1.0
FIN1009888,0.0
FIN1009889,1.0
FIN1009890,1.0
FIN1009891,1.0
FIN1009892,0.0
FIN1009893,1.0
FIN1009894,1.0
FIN1009895,0.0
FIN1009896,0.0
FIN1009897,0.0
FIN1009898,0.0
FIN1009899,1.0
FIN1009900,0.0
FIN1009901,1.0
FIN1009902,1.0
FIN1009903,1.0
FIN1009904,1.0
FIN1009905,1.0
FIN1009906,0.0
FIN1009907,1.0
FIN1009908,0.0
FIN1009909,0.0
FIN1009910,0.0
FIN1009911,1.0
FIN1009912,0.0
FIN1009913,1.0
FIN1009914,1.0
FIN1009915,1.0
FIN1009916,0.0
FIN1009917,0.0
FIN1009918,0.0
FIN1009919,0.0
FIN1009920,0.0
FIN1009921,1.0
FIN1009922,0.0
FIN1009923,1.0
FIN1009924,0.0
FIN1009925,0.0
FIN1009926,1.0
FIN1009927,0.0
FIN1009928,1.0
FIN1009929,1.0
FIN1009930,0.0
FIN1009931,0.0
FIN1009932,0.0
FIN1009933,1.0
FIN1009934,0.0
FIN1009935,1.0
FIN1009936,0.0
FIN1009937,0.0
FIN1009938,0.0
FIN1009939,0.0
FIN1009940,0.0
FIN1009941,0.0
FIN1009942,0.0
FIN1009943,0.0
FIN1009944,1.0
FIN1009945,1.0
FIN1009946,0.0
FIN1009947,0.0
FIN1009948,1.0
FIN1009949,0.0
FIN1009950,1.0
FIN1009951,1.0
FIN1009952,0.0
FIN1009953,1.0
FIN1009954,0.0
FIN1009955,1.0
FIN1009956,0.0
FIN1009957,0.0
FIN1009958,0.0
FIN1009959,0.0
FIN1009960,0.0
FIN1009961,0.0
FIN1009962,0.0
FIN1009963,1.0
FIN1009964,0.0
FIN1009965,0.0
FIN1009966,0.0
FIN1009967,0.0
FIN1009968,0.0
FIN1009969,0.0
FIN1009970,0.0
FIN1009971,1.0
FIN1009972,1.0
FIN1009973,1.0
FIN1009974,0.0
FIN1009975,0.0
FIN1009976,1.0
FIN1009977,1.0
FIN1009978,0.0
FIN1009979,0.0
FIN1009980,1.0
FIN1009981,0.0
FIN1009982,1.0
FIN1009983,0.0
FIN1009984,1.0
FIN1009985,1.0
FIN1009986,1.0
FIN1009987,0.0
FIN1009988,1.0
FIN1009989,0.0
FIN1009990,1.0
FIN1009991,1.0
FIN1009992,1.0
FIN1009993,0.0
FIN1009994,0.0
FIN1009995,1.0
FIN1009996,0.0
FIN1009997,0.0
FIN1009998,0.0
FIN1009999,0.0
FIN1010000,0.0
FIN1010001,1.0
FIN1010002,0.0
FIN1010003,1.0
FIN1010004,0.0
FIN1010005,0.0
FIN1010006,0.0
FIN1010007,0.0
FIN1010008,0.0
FIN1010009,0.0
FIN1010010,0.0
FIN1010011,0.0
FIN1010012,0.0
FIN1010013,1.0
FIN1010014,0.0
FIN1010015,1.0
FIN1010016,0.0
FIN1010017,0.0
FIN1010018,1.0
FIN1010019,0.0
FIN1010020,0.0
FIN1010021,1.0
FIN1010022,0.0
FIN1010023,1.0
FIN1010024,0.0
FIN1010025,1.0
FIN1010026,1.0
FIN1010027,0.0
FIN1010028,0.0
FIN1010029,1.0
FIN1010030,1.0
FIN1010031,0.0
FIN1010032,1.0
FIN1010033,0.0
FIN1010034,0.0
FIN1010035,0.0
FIN1010036,1.0
FIN1010037,1.0
FIN1010038,1.0
FIN1010039,1.0
FIN1010040,0.0
FIN1010041,1.0
FIN1010042,0.0
FIN1010043,0.0
FIN1010044,0.0
FIN1010045,0.0
FIN1010046,0.0
FIN1010047,0.0
FIN1010048,1.0
FIN1010049,0.0
FIN1010050,1.0
FIN1010051,0.0
FIN1010052,0.0
FIN1010053,1.0
FIN1010054,1.0
FIN1010055,1.0
FIN1010056,1.0
FIN1010057,1.0
FIN1010058,0.0
FIN1010059,0.0
FIN1010060,1.0
FIN1010061,0.0
FIN1010062,1.0
FIN1010063,0.0
FIN1010064,0.0
FIN1010065,0.0
FIN1010066,0.0
FIN1010067,1.0
FIN1010068,0.0
FIN1010069,0.0
FIN1010070,0.0
FIN1010071,0.0
FIN1010072,0.0
FIN1010073,1.0
FIN1010074,0.0
FIN1010075,1.0
FIN1010076,0.0
FIN1010077,0.0
FIN1010078,1.0
FIN1010079,0.0
FIN1010080,1.0
FIN1010081,0.0
FIN1010082,0.0
FIN1010083,1.0
FIN1010084,1.0
FIN1010085,1.0
FIN1010086,0.0
FIN1010087,1.0
FIN1010088,0.0
FIN1010089,1.0
FIN1010090,0.0
FIN1010091,0.0
FIN1010092,0.0
FIN1010093,0.0
FIN1010094,0.0
FIN1010095,1.0
FIN1010096,0.0
FIN1010097,0.0
FIN1010098,1.0
FIN1010099,1.0
FIN1010100,0.0
FIN1010101,1.0
FIN1010102,0.0
FIN1010103,0.0
FIN1010104,1.0
FIN1010105,0.0
FIN1010106,0.0
FIN1010107,1.0
FIN1010108,0.0
FIN1010109,0.0
FIN1010110,0.0
FIN1010111,1.0
FIN1010112,1.0
FIN1010113,0.0
FIN1010114,0.0
FIN1010115,1.0
FIN1010116,0.0
FIN1010117,0.0
FIN1010118,0.0
FIN1010119,0.0
FIN1010120,1.0
FIN1010121,0.0
FIN1010122,1.0
FIN1010123,1.0
FIN1010124,0.0
FIN1010125,0.0
FIN1010126,1.0
FIN1010127,0.0
FIN1010128,0.0
FIN1010129,1.0
FIN1010130,0.0
FIN1010131,0.0
FIN1010132,0.0
FIN1010133,1.0
FIN1010134,1.0
FIN1010135,1.0
FIN1010136,0.0
FIN1010137,1.0
FIN1010138,1.0
FIN1010139,1.0
FIN1010140,1.0
FIN1010141,0.0
FIN1010142,1.0
FIN1010143,1.0
FIN1010144,0.0
FIN1010145,0.0
FIN1010146,0.0
FIN1010147,0.0
FIN1010148,0.0
FIN1010149,0.0
FIN1010150,0.0
FIN1010151,1.0
FIN1010152,0.0
FIN1010153,1.0
FIN1010154,0.0
FIN1010155,0.0
FIN1010156,0.0
FIN1010157,0.0
FIN1010158,0.0
FIN1010159,0.0
FIN1010160,0.0
FIN1010161,0.0
FIN1010162,0.0
FIN1010163,1.0
FIN1010164,1.0
FIN1010165,1.0
FIN1010166,0.0
FIN1010167,0.0
FIN1010168,1.0
FIN1010169,1.0
FIN1010170,1.0
FIN1010171,1.0
FIN1010172,0.0
FIN1010173,0.0
FIN1010174,0.0
FIN1010175,0.0
FIN1010176,1.0
FIN1010177,1.0
FIN1010178,0.0
FIN1010179,0.0
FIN1010180,0.0
FIN1010181,1.0
FIN1010182,1.0
FIN1010183,0.0
FIN1010184,0.0
FIN1010185,1.0
FIN1010186,1.0
FIN1010187,0.0
FIN1010188,1.0
FIN1010189,1.0
FIN1010190,0.0
FIN1010191,1.0
FIN1010192,1.0
FIN1010193,1.0
FIN1010194,1.0
FIN1010195,0.0
FIN1010196,1.0
FIN1010197,0.0
FIN1010198,1.0
FIN1010199,0.0
FIN1010200,0.0
FIN1010201,1.0
FIN1010202,1.0
FIN1010203,0.0
FIN1010204,1.0
FIN1010205,1.0
FIN1010206,1.0
FIN1010207,1.0
FIN1010208,0.0
FIN1010209,1.0
FIN1010210,0.0
FIN1010211,0.0
FIN1010212,0.0
FIN1010213,1.0
FIN1010214,1.0
FIN1010215,0.0
FIN1010216,0.0
FIN1010217,1.0
FIN1010218,0.0
FIN1010219,0.0
FIN1010220,0.0
FIN1010221,0.0
FIN1010222,0.0
FIN1010223,1.0
FIN1010224,1.0
FIN1010225,0.0
FIN1010226,0.0
FIN1010227,0.0
FIN1010228,1.0
FIN1010229,0.0
FIN1010230,0.0
FIN1010231,0.0
FIN1010232,0.0
FIN1010233,1.0
FIN1010234,0.0
FIN1010235,1.0
FIN1010236,0.0
FIN1010237,0.0
FIN1010238,1.0
FIN1010239,0.0
FIN1010240,1.0
FIN1010241,0.0
FIN1010242,0.0
FIN1010243,0.0
FIN1010244,1.0
FIN1010245,0.0
FIN1010246,0.0
FIN1010247,1.0
FIN1010248,0.0
FIN1010249,0.0
FIN1010250,1.0
FIN1010251,1.0
FIN1010252,0.0
FIN1010253,0.0
FIN1010254,1.0
FIN1010255,0.0
FIN1010256,0.0
FIN1010257,0.0
FIN1010258,0.0
FIN1010259,0.0
FIN1010260,0.0
FIN1010261,0.0
FIN1010262,0.0
FIN1010263,1.0
FIN1010264,1.0
FIN1010265,1.0
FIN1010266,1.0
FIN1010267,0.0
FIN1010268,1.0
FIN1010269,0.0
FIN1010270,0.0
FIN1010271,0.0
FIN1010272,1.0
FIN1010273,1.0
FIN1010274,0.0
FIN1010275,0.0
FIN1010276,0.0
FIN1010277,0.0
FIN1010278,1.0
FIN1010279,1.0
FIN1010280,1.0
FIN1010281,0.0
FIN1010282,1.0
FIN1010283,0.0
FIN1010284,1.0
FIN1010285,1.0
FIN1010286,0.0
FIN1010287,1.0
FIN1010288,1.0
FIN1010289,1.0
FIN1010290,0.0
FIN1010291,1.0
FIN1010292,1.0
FIN1010293,1.0
FIN1010294,1.0
FIN1010295,0.0
FIN1010296,0.0
FIN1010297,1.0
FIN1010298,0.0
FIN1010299,0.0
FIN1010300,0.0
FIN1010301,1.0
FIN1010302,1.0
FIN1010303,1.0
FIN1010304,0.0
FIN1010305,1.0
FIN1010306,1.0
FIN1010307,0.0
FIN1010308,0.0
FIN1010309,0.0
FIN1010310,0.0
FIN1010311,1.0
FIN1010312,0.0
FIN1010313,0.0
FIN1010314,1.0
FIN1010315,1.0
FIN1010316,0.0
FIN1010317,1.0
FIN1010318,1.0
FIN1010319,1.0
FIN1010320,0.0
FIN1010321,1.0
FIN1010322,0.0
FIN1010323,1.0
FIN1010324,0.0
FIN1010325,0.0
FIN1010326,0.0
FIN1010327,1.0
FIN1010328,0.0
FIN1010329,0.0
FIN1010330,1.0
FIN1010331,1.0
FIN1010332,1.0
FIN1010333,1.0
FIN1010334,0.0
FIN1010335,1.0
FIN1010336,0.0
FIN1010337,0.0
FIN1010338,0.0
FIN1010339,1.0
FIN1010340,1.0
FIN1010341,0.0
FIN1010342,0.0
FIN1010343,0.0
FIN1010344,1.0
FIN1010345,1.0
FIN1010346,0.0
FIN1010347,0.0
FIN1010348,1.0
FIN1010349,0.0
FIN1010350,0.0
FIN1010351,1.0
FIN1010352,0.0
FIN1010353,1.0
FIN1010354,1.0
FIN1010355,0.0
FIN1010356,0.0
FIN1010357,0.0
FIN1010358,0.0
FIN1010359,0.0
FIN1010360,1.0
FIN1010361,0.0
FIN1010362,1.0
FIN1010363,1.0
FIN1010364,0.0
FIN1010365,0.0
FIN1010366,1.0
FIN1010367,1.0
FIN1010368,0.0
FIN1010369,0.0
FIN1010370,0.0
FIN1010371,0.0
FIN1010372,1.0
FIN1010373,1.0
FIN1010374,1.0
FIN1010375,0.0
FIN1010376,0.0
FIN1010377,0.0
FIN1010378,0.0
FIN1010379,1.0
FIN1010380,1.0
FIN1010381,1.0
FIN1010382,0.0
FIN1010383,1.0
FIN1010384,1.0
FIN1010385,1.0
FIN1010386,1.0
FIN1010387,1.0
FIN1010388,0.0
FIN1010389,1.0
FIN1010390,0.0
FIN1010391,0.0
FIN1010392,0.0
FIN1010393,0.0
FIN1010394,1.0
FIN1010395,1.0
FIN1010396,0.0
FIN1010397,1.0
FIN1010398,0.0
FIN1010399,0.0
FIN1010400,1.0
FIN1010401,0.0
FIN1010402,0.0
FIN1010403,0.0
FIN1010404,0.0
FIN1010405,1.0
FIN1010406,1.0
FIN1010407,0.0
FIN1010408,0.0
FIN1010409,1.0
FIN1010410,1.0
FIN1010411,1.0
FIN1010412,1.0
FIN1010413,0.0
FIN1010414,1.0
FIN1010415,0.0
FIN1010416,0.0
FIN1010417,0.0
FIN1010418,0.0
FIN1010419,1.0
FIN1010420,1.0
FIN1010421,0.0
FIN1010422,1.0
FIN1010423,1.0
FIN1010424,0.0
FIN1010425,0.0
FIN1010426,1.0
FIN1010427,1.0
FIN1010428,1.0
FIN1010429,1.0
FIN1010430,0.0
FIN1010431,0.0
FIN1010432,0.0
FIN1010433,0.0
FIN1010434,0.0
FIN1010435,0.0
FIN1010436,0.0
FIN1010437,1.0
FIN1010438,0.0
FIN1010439,1.0
FIN1010440,1.0
FIN1010441,0.0
FIN1010442,0.0
FIN1010443,0.0
FIN1010444,0.0
FIN1010445,0.0
FIN1010446,1.0
FIN1010447,1.0
FIN1010448,1.0
FIN1010449,1.0
FIN1010450,0.0
FIN1010451,0.0
FIN1010452,1.0
FIN1010453,1.0
FIN1010454,1.0
FIN1010455,0.0
FIN1010456,1.0
FIN1010457,0.0
FIN1010458,1.0
FIN1010459,0.0
FIN1010460,1.0
FIN1010461,0.0
FIN1010462,1.0
FIN1010463,1.0
FIN1010464,1.0
FIN1010465,1.0
FIN1010466,1.0
FIN1010467,1.0
FIN1010468,1.0
FIN1010469,0.0
FIN1010470,1.0
FIN1010471,1.0
FIN1010472,1.0
FIN1010473,0.0
FIN1010474,0.0
FIN1010475,0.0
FIN1010476,1.0
FIN1010477,0.0
FIN1010478,0.0
FIN1010479,1.0
FIN1010480,1.0
FIN1010481,1.0
FIN1010482,1.0
FIN1010483,0.0
FIN1010484,0.0
FIN1010485,1.0
FIN1010486,1.0
FIN1010487,1.0
FIN1010488,1.0
FIN1010489,0.0
FIN1010490,1.0
FIN1010491,0.0
FIN1010492,0.0
FIN1010493,1.0
FIN1010494,0.0
FIN1010495,0.0
FIN1010496,1.0
FIN1010497,1.0
FIN1010498,0.0
FIN1010499,1.0
FIN1010500,0.0
FIN1010501,0.0
FIN1010502,0.0
FIN1010503,0.0
FIN1010504,0.0
FIN1010505,0.0
FIN1010506,0.0
FIN1010507,0.0
FIN1010508,0.0
FIN1010509,0.0
FIN1010510,0.0
FIN1010511,0.0
FIN1010512,0.0
FIN1010513,0.0
FIN1010514,1.0
FIN1010515,1.0
FIN1010516,0.0
FIN1010517,0.0
FIN1010518,1.0
FIN1010519,0.0
FIN1010520,0.0
FIN1010521,0.0
FIN1010522,0.0
FIN1010523,0.0
FIN1010524,1.0
FIN1010525,1.0
FIN1010526,0.0
FIN1010527,1.0
FIN1010528,0.0
FIN1010529,0.0
FIN1010530,0.0
FIN1010531,1.0
FIN1010532,0.0
FIN1010533,0.0
FIN1010534,0.0
FIN1010535,0.0
FIN1010536,1.0
FIN1010537,1.0
FIN1010538,1.0
FIN1010539,1.0
FIN1010540,0.0
FIN1010541,0.0
FIN1010542,1.0
FIN1010543,1.0
FIN1010544,1.0
FIN1010545,0.0
FIN1010546,0.0
FIN1010547,1.0
FIN1010548,0.0
FIN1010549,1.0
FIN1010550,0.0
FIN1010551,0.0
FIN1010552,1.0
FIN1010553,1.0
FIN1010554,0.0
FIN1010555,0.0
FIN1010556,0.0
FIN1010557,1.0
FIN1010558,1.0
FIN1010559,0.0
FIN1010560,1.0
FIN1010561,1.0
FIN1010562,0.0
FIN1010563,0.0
FIN1010564,1.0
FIN1010565,1.0
FIN1010566,0.0
FIN1010567,1.0
FIN1010568,0.0
FIN1010569,1.0
FIN1010570,0.0
FIN1010571,1.0
FIN1010572,1.0
FIN1010573,0.0
FIN1010574,0.0
FIN1010575,0.0
FIN1010576,0.0
FIN1010577,1.0
FIN1010578,0.0
FIN1010579,1.0
FIN1010580,1.0
FIN1010581,1.0
FIN1010582,0.0
FIN1010583,1.0
FIN1010584,0.0
FIN1010585,0.0
FIN1010586,0.0
FIN1010587,1.0
FIN1010588,1.0
FIN1010589,0.0
FIN1010590,0.0
FIN1010591,1.0
FIN1010592,0.0
FIN1010593,1.0
FIN1010594,1.0
FIN1010595,1.0
FIN1010596,0.0
FIN1010597,1.0
FIN1010598,1.0
FIN1010599,1.0
FIN1010600,0.0
FIN1010601,0.0
FIN1010602,0.0
FIN1010603,1.0
FIN1010604,0.0
FIN1010605,1.0
FIN1010606,0.0
FIN1010607,0.0
FIN1010608,0.0
FIN1010609,1.0
FIN1010610,0.0
FIN1010611,1.0
FIN1010612,1.0
FIN1010613,0.0
FIN1010614,0.0
FIN1010615,1.0
FIN1010616,0.0
FIN1010617,0.0
FIN1010618,0.0
FIN1010619,0.0
FIN1010620,0.0
FIN1010621,1.0
FIN1010622,0.0
FIN1010623,1.0
FIN1010624,1.0
FIN1010625,0.0
FIN1010626,1.0
FIN1010627,1.0
FIN1010628,1.0
FIN1010629,0.0
FIN1010630,1.0
FIN1010631,1.0
FIN1010632,1.0
FIN1010633,1.0
FIN1010634,1.0
FIN1010635,0.0
FIN1010636,0.0
FIN1010637,0.0
FIN1010638,0.0
FIN1010639,0.0
FIN1010640,1.0
FIN1010641,1.0
FIN1010642,1.0
FIN1010643,1.0
FIN1010644,1.0
FIN1010645,1.0
FIN1010646,1.0
FIN1010647,1.0
FIN1010648,1.0
FIN1010649,1.0
FIN1010650,1.0
FIN1010651,1.0
FIN1010652,1.0
FIN1010653,0.0
FIN1010654,1.0
FIN1010655,1.0
FIN1010656,1.0
FIN1010657,1.0
FIN1010658,0.0
FIN1010659,0.0
FIN1010660,1.0
FIN1010661,0.0
FIN1010662,1.0
FIN1010663,0.0
FIN1010664,0.0
FIN1010665,0.0
FIN1010666,0.0
FIN1010667,1.0
FIN1010668,1.0
FIN1010669,0.0
FIN1010670,0.0
FIN1010671,0.0
FIN1010672,1.0
FIN1010673,0.0
FIN1010674,1.0
FIN1010675,0.0
FIN1010676,1.0
FIN1010677,0.0
FIN1010678,0.0
FIN1010679,0.0
FIN1010680,1.0
FIN1010681,1.0
FIN1010682,0.0
FIN1010683,0.0
FIN1010684,0.0
FIN1010685,0.0
FIN1010686,0.0
FIN1010687,0.0
FIN1010688,1.0
FIN1010689,1.0
FIN1010690,1.0
FIN1010691,0.0
FIN1010692,1.0
FIN1010693,1.0
FIN1010694,0.0
FIN1010695,1.0
FIN1010696,1.0
FIN1010697,0.0
FIN1010698,1.0
FIN1010699,1.0
FIN1010700,1.0
FIN1010701,0.0
FIN1010702,1.0
FIN1010703,0.0
FIN1010704,0.0
FIN1010705,1.0
FIN1010706,0.0
FIN1010707,1.0
FIN1010708,0.0
FIN1010709,0.0
FIN1010710,1.0
FIN1010711,0.0
FIN1010712,0.0
FIN1010713,1.0
FIN1010714,1.0
FIN1010715,0.0
FIN1010716,1.0
FIN1010717,0.0
FIN1010718,1.0
FIN1010719,0.0
FIN1010720,1.0
FIN1010721,1.0
FIN1010722,1.0
FIN1010723,0.0
FIN1010724,1.0
FIN1010725,1.0
FIN1010726,0.0
FIN1010727,0.0
FIN1010728,0.0
FIN1010729,0.0
FIN1010730,0.0
FIN1010731,0.0
FIN1010732,0.0
FIN1010733,0.0
FIN1010734,1.0
FIN1010735,1.0
FIN1010736,0.0
FIN1010737,1.0
FIN1010738,1.0
FIN1010739,0.0
FIN1010740,0.0
FIN1010741,0.0
FIN1010742,0.0
FIN1010743,1.0
FIN1010744,0.0
FIN1010745,0.0
FIN1010746,0.0
FIN1010747,1.0
FIN1010748,1.0
FIN1010749,0.0
FIN1010750,0.0
FIN1010751,0.0
FIN1010752,1.0
FIN1010753,1.0
FIN1010754,0.0
FIN1010755,0.0
FIN1010756,0.0
FIN1010757,0.0
FIN1010758,1.0
FIN1010759,1.0
FIN1010760,0.0
FIN1010761,0.0
FIN1010762,0.0
FIN1010763,0.0
FIN1010764,0.0
FIN1010765,0.0
FIN1010766,0.0
FIN1010767,0.0
FIN1010768,0.0
FIN1010769,0.0
FIN1010770,0.0
FIN1010771,0.0
FIN1010772,0.0
FIN1010773,1.0
FIN1010774,1.0
FIN1010775,1.0
FIN1010776,1.0
FIN1010777,0.0
FIN1010778,1.0
FIN1010779,0.0
FIN1010780,0.0
FIN1010781,1.0
FIN1010782,0.0
FIN1010783,1.0
FIN1010784,0.0
FIN1010785,0.0
FIN1010786,1.0
FIN1010787,0.0
FIN1010788,0.0
FIN1010789,1.0
FIN1010790,1.0
FIN1010791,0.0
FIN1010792,1.0
FIN1010793,1.0
FIN1010794,1.0
FIN1010795,0.0
FIN1010796,0.0
FIN1010797,1.0
FIN1010798,0.0
FIN1010799,1.0
FIN1010800,1.0
FIN1010801,1.0
FIN1010802,0.0
FIN1010803,1.0
FIN1010804,1.0
FIN1010805,1.0
FIN1010806,1.0
FIN1010807,0.0
FIN1010808,0.0
FIN1010809,1.0
FIN1010810,1.0
FIN1010811,1.0
FIN1010812,1.0
FIN1010813,0.0
FIN1010814,1.0
FIN1010815,0.0
FIN1010816,1.0
FIN1010817,1.0
FIN1010818,1.0
FIN1010819,1.0
FIN1010820,0.0
FIN1010821,0.0
FIN1010822,0.0
FIN1010823,1.0
FIN1010824,1.0
FIN1010825,0.0
FIN1010826,1.0
FIN1010827,1.0
FIN1010828,0.0
FIN1010829,0.0
FIN1010830,0.0
FIN1010831,0.0
FIN1010832,1.0
FIN1010833,0.0
FIN1010834,0.0
FIN1010835,1.0
FIN1010836,1.0
FIN1010837,0.0
FIN1010838,0.0
FIN1010839,1.0
FIN1010840,1.0
FIN1010841,0.0
FIN1010842,0.0
FIN1010843,1.0
FIN1010844,0.0
FIN1010845,0.0
FIN1010846,1.0
FIN1010847,0.0
FIN1010848,0.0
FIN1010849,0.0
FIN1010850,0.0
FIN1010851,0.0
FIN1010852,0.0
FIN1010853,1.0
FIN1010854,1.0
FIN1010855,0.0
FIN1010856,0.0
FIN1010857,1.0
FIN1010858,0.0
FIN1010859,1.0
FIN1010860,0.0
FIN1010861,1.0
FIN1010862,0.0
FIN1010863,0.0
FIN1010864,1.0
FIN1010865,0.0
FIN1010866,0.0
FIN1010867,0.0
FIN1010868,1.0
FIN1010869,0.0
FIN1010870,1.0
FIN1010871,1.0
FIN1010872,1.0
FIN1010873,0.0
FIN1010874,1.0
FIN1010875,1.0
FIN1010876,0.0
FIN1010877,0.0
FIN1010878,1.0
FIN1010879,0.0
FIN1010880,1.0
FIN1010881,1.0
FIN1010882,0.0
FIN1010883,1.0
FIN1010884,0.0
FIN1010885,1.0
FIN1010886,0.0
FIN1010887,1.0
FIN1010888,0.0
FIN1010889,0.0
FIN1010890,0.0
FIN1010891,0.0
FIN1010892,0.0
FIN1010893,1.0
FIN1010894,1.0
FIN1010895,0.0
FIN1010896,0.0
FIN1010897,0.0
FIN1010898,1.0
FIN1010899,1.0
FIN1010900,0.0
FIN1010901,1.0
FIN1010902,1.0
FIN1010903,0.0
FIN1010904,1.0
FIN1010905,1.0
FIN1010906,0.0
FIN1010907,1.0
FIN1010908,1.0
FIN1010909,0.0
FIN1010910,0.0
FIN1010911,0.0
FIN1010912,0.0
FIN1010913,1.0
FIN1010914,1.0
FIN1010915,1.0
FIN1010916,1.0
FIN1010917,0.0
FIN1010918,1.0
FIN1010919,0.0
FIN1010920,0.0
FIN1010921,1.0
FIN1010922,0.0
FIN1010923,1.0
FIN1010924,1.0
FIN1010925,0.0
FIN1010926,1.0
FIN1010927,1.0
FIN1010928,0.0
FIN1010929,0.0
FIN1010930,1.0
FIN1010931,1.0
FIN1010932,0.0
FIN1010933,0.0
FIN1010934,1.0
FIN1010935,0.0
FIN1010936,0.0
FIN1010937,1.0
FIN1010938,1.0
FIN1010939,1.0
FIN1010940,0.0
FIN1010941,0.0
FIN1010942,1.0
FIN1010943,0.0
FIN1010944,0.0
FIN1010945,0.0
FIN1010946,0.0
FIN1010947,0.0
FIN1010948,0.0
FIN1010949,0.0
FIN1010950,0.0
FIN1010951,1.0
FIN1010952,0.0
FIN1010953,0.0
FIN1010954,1.0
FIN1010955,1.0
FIN1010956,0.0
FIN1010957,0.0
FIN1010958,1.0
FIN1010959,1.0
FIN1010960,1.0
FIN1010961,0.0
FIN1010962,1.0
FIN1010963,1.0
FIN1010964,1.0
FIN1010965,1.0
FIN1010966,0.0
FIN1010967,1.0
FIN1010968,1.0
FIN1010969,0.0
FIN1010970,0.0
FIN1010971,0.0
FIN1010972,1.0
FIN1010973,1.0
FIN1010974,1.0
FIN1010975,1.0
FIN1010976,0.0
FIN1010977,1.0
FIN1010978,0.0
FIN1010979,1.0
FIN1010980,0.0
FIN1010981,1.0
FIN1010982,1.0
FIN1010983,0.0
FIN1010984,1.0
FIN1010985,1.0
FIN1010986,1.0
FIN1010987,1.0
FIN1010988,1.0
FIN1010989,0.0
FIN1010990,0.0
FIN1010991,0.0
FIN1010992,0.0
FIN1010993,0.0
FIN1010994,0.0
FIN1010995,1.0
FIN1010996,1.0
FIN1010997,1.0
FIN1010998,1.0
FIN1010999,0.0
FIN1011000,1.0
FIN1011001,0.0
FIN1011002,1.0
FIN1011003,1.0
FIN1011004,0.0
FIN1011005,0.0
FIN1011006,0.0
FIN1011007,0.0
FIN1011008,0.0
FIN1011009,0.0
FIN1011010,1.0
FIN1011011,1.0
FIN1011012,0.0
FIN1011013,0.0
FIN1011014,0.0
FIN1011015,1.0
FIN1011016,0.0
FIN1011017,1.0
FIN1011018,1.0
FIN1011019,0.0
FIN1011020,1.0
FIN1011021,0.0
FIN1011022,1.0
FIN1011023,1.0
FIN1011024,1.0
FIN1011025,1.0
FIN1011026,0.0
FIN1011027,0.0
FIN1011028,1.0
FIN1011029,1.0
FIN1011030,1.0
FIN1011031,1.0
FIN1011032,1.0
FIN1011033,0.0
FIN1011034,0.0
FIN1011035,0.0
FIN1011036,0.0
FIN1011037,0.0
FIN1011038,1.0
FIN1011039,0.0
FIN1011040,0.0
FIN1011041,0.0
FIN1011042,1.0
FIN1011043,1.0
FIN1011044,1.0
FIN1011045,1.0
FIN1011046,1.0
FIN1011047,1.0
FIN1011048,1.0
FIN1011049,1.0
FIN1011050,1.0
FIN1011051,0.0
FIN1011052,0.0
FIN1011053,1.0
FIN1011054,0.0
FIN1011055,0.0
FIN1011056,0.0
FIN1011057,0.0
FIN1011058,1.0
FIN1011059,1.0
FIN1011060,1.0
FIN1011061,1.0
FIN1011062,1.0
FIN1011063,1.0
FIN1011064,1.0
FIN1011065,1.0
FIN1011066,0.0
FIN1011067,0.0
FIN1011068,0.0
FIN1011069,0.0
FIN1011070,1.0
FIN1011071,1.0
FIN1011072,1.0
FIN1011073,1.0
FIN1011074,0.0
FIN1011075,0.0
FIN1011076,1.0
FIN1011077,0.0
FIN1011078,1.0
FIN1011079,0.0
FIN1011080,0.0
FIN1011081,0.0
FIN1011082,1.0
FIN1011083,0.0
FIN1011084,1.0
FIN1011085,0.0
FIN1011086,0.0
FIN1011087,0.0
FIN1011088,1.0
FIN1011089,1.0
FIN1011090,0.0
FIN1011091,1.0
FIN1011092,0.0
FIN1011093,1.0
FIN1011094,1.0
FIN1011095,0.0
FIN1011096,0.0
FIN1011097,0.0
FIN1011098,1.0
FIN1011099,0.0
FIN1011100,0.0
FIN1011101,0.0
FIN1011102,0.0
FIN1011103,1.0
FIN1011104,1.0
FIN1011105,1.0
FIN1011106,1.0
FIN1011107,0.0
FIN1011108,1.0
FIN1011109,0.0
FIN1011110,1.0
FIN1011111,0.0
FIN1011112,1.0
FIN1011113,1.0
FIN1011114,1.0
FIN1011115,1.0
FIN1011116,0.0
FIN1011117,1.0
FIN1011118,0.0
FIN1011119,1.0
FIN1011120,1.0
FIN1011121,1.0
FIN1011122,1.0
FIN1011123,1.0
FIN1011124,0.0
FIN1011125,1.0
FIN1011126,0.0
FIN1011127,1.0
FIN1011128,1.0
FIN1011129,0.0
FIN1011130,1.0
FIN1011131,0.0
FIN1011132,1.0
FIN1011133,0.0
FIN1011134,0.0
FIN1011135,1.0
FIN1011136,0.0
FIN1011137,0.0
FIN1011138,0.0
FIN1011139,0.0
FIN1011140,0.0
FIN1011141,0.0
FIN1011142,0.0
FIN1011143,0.0
FIN1011144,1.0
FIN1011145,1.0
FIN1011146,1.0
FIN1011147,1.0
FIN1011148,0.0
FIN1011149,1.0
FIN1011150,0.0
FIN1011151,1.0
FIN1011152,0.0
FIN1011153,1.0
FIN1011154,1.0
FIN1011155,1.0
FIN1011156,0.0
FIN1011157,1.0
FIN1011158,1.0
FIN1011159,0.0
FIN1011160,0.0
FIN1011161,1.0
FIN1011162,0.0
FIN1011163,0.0
FIN1011164,1.0
FIN1011165,0.0
FIN1011166,0.0
FIN1011167,0.0
FIN1011168,0.0
FIN1011169,0.0
FIN1011170,0.0
FIN1011171,0.0
FIN1011172,0.0
FIN1011173,1.0
FIN1011174,0.0
FIN1011175,1.0
FIN1011176,1.0
FIN1011177,0.0
FIN1011178,1.0
FIN1011179,0.0
FIN1011180,1.0
FIN1011181,1.0
FIN1011182,0.0
FIN1011183,0.0
FIN1011184,0.0
FIN1011185,1.0
FIN1011186,1.0
FIN1011187,0.0
FIN1011188,0.0
FIN1011189,1.0
FIN1011190,1.0
FIN1011191,0.0
FIN1011192,0.0
FIN1011193,1.0
FIN1011194,0.0
FIN1011195,0.0
FIN1011196,1.0
FIN1011197,0.0
FIN1011198,1.0
FIN1011199,0.0
FIN1011200,0.0
FIN1011201,1.0
FIN1011202,0.0
FIN1011203,0.0
FIN1011204,1.0
FIN1011205,0.0
FIN1011206,0.0
FIN1011207,0.0
FIN1011208,1.0
FIN1011209,1.0
FIN1011210,1.0
FIN1011211,0.0
FIN1011212,0.0
FIN1011213,0.0
FIN1011214,1.0
FIN1011215,0.0
FIN1011216,0.0
FIN1011217,0.0
FIN1011218,0.0
FIN1011219,1.0
FIN1011220,1.0
FIN1011221,1.0
FIN1011222,1.0
FIN1011223,1.0
FIN1011224,0.0
FIN1011225,1.0
FIN1011226,1.0
FIN1011227,1.0
FIN1011228,0.0
FIN1011229,0.0
FIN1011230,0.0
FIN1011231,0.0
FIN1011232,0.0
FIN1011233,0.0
FIN1011234,1.0
FIN1011235,1.0
FIN1011236,0.0
FIN1011237,1.0
FIN1011238,0.0
FIN1011239,1.0
FIN1011240,0.0
FIN1011241,0.0
FIN1011242,0.0
FIN1011243,0.0
FIN1011244,0.0
FIN1011245,0.0
FIN1011246,0.0
FIN1011247,0.0
FIN1011248,0.0
FIN1011249,0.0
FIN1011250,0.0
FIN1011251,1.0
FIN1011252,0.0
FIN1011253,0.0
FIN1011254,0.0
FIN1011255,0.0
FIN1011256,0.0
FIN1011257,1.0
FIN1011258,0.0
FIN1011259,1.0
FIN1011260,0.0
FIN1011261,0.0
FIN1011262,0.0
FIN1011263,0.0
FIN1011264,0.0
FIN1011265,0.0
FIN1011266,0.0
FIN1011267,0.0
FIN1011268,0.0
FIN1011269,0.0
FIN1011270,1.0
FIN1011271,0.0
FIN1011272,0.0
FIN1011273,0.0
FIN1011274,0.0
FIN1011275,0.0
FIN1011276,0.0
FIN1011277,1.0
FIN1011278,1.0
FIN1011279,1.0
FIN1011280,1.0
FIN1011281,0.0
FIN1011282,1.0
FIN1011283,0.0
FIN1011284,0.0
FIN1011285,1.0
FIN1011286,0.0
FIN1011287,1.0
FIN1011288,1.0
FIN1011289,1.0
FIN1011290,1.0
FIN1011291,1.0
FIN1011292,1.0
FIN1011293,1.0
FIN1011294,1.0
FIN1011295,1.0
FIN1011296,0.0
FIN1011297,1.0
FIN1011298,1.0
FIN1011299,0.0
FIN1011300,1.0
FIN1011301,0.0
FIN1011302,0.0
FIN1011303,0.0
FIN1011304,0.0
FIN1011305,0.0
FIN1011306,0.0
FIN1011307,1.0
FIN1011308,0.0
FIN1011309,0.0
FIN1011310,0.0
FIN1011311,0.0
FIN1011312,1.0
FIN1011313,1.0
FIN1011314,0.0
FIN1011315,1.0
FIN1011316,0.0
FIN1011317,0.0
FIN1011318,0.0
FIN1011319,1.0
FIN1011320,1.0
FIN1011321,1.0
FIN1011322,0.0
FIN1011323,0.0
FIN1011324,0.0
FIN1011325,0.0
FIN1011326,0.0
FIN1011327,0.0
FIN1011328,0.0
FIN1011329,0.0
FIN1011330,0.0
FIN1011331,1.0
FIN1011332,0.0
FIN1011333,0.0
FIN1011334,1.0
FIN1011335,1.0
FIN1011336,0.0
FIN1011337,1.0
FIN1011338,1.0
FIN1011339,1.0
FIN1011340,0.0
FIN1011341,1.0
FIN1011342,0.0
FIN1011343,0.0
FIN1011344,0.0
FIN1011345,1.0
FIN1011346,1.0
FIN1011347,1.0
FIN1011348,0.0
FIN1011349,0.0
FIN1011350,1.0
FIN1011351,0.0
FIN1011352,1.0
FIN1011353,1.0
FIN1011354,1.0
FIN1011355,0.0
FIN1011356,1.0
FIN1011357,1.0
FIN1011358,0.0
FIN1011359,0.0
FIN1011360,0.0
FIN1011361,0.0
FIN1011362,0.0
FIN1011363,0.0
FIN1011364,0.0
FIN1011365,1.0
FIN1011366,0.0
FIN1011367,0.0
FIN1011368,1.0
FIN1011369,0.0
FIN1011370,0.0
FIN1011371,1.0
FIN1011372,0.0
FIN1011373,0.0
FIN1011374,0.0
FIN1011375,0.0
FIN1011376,1.0
FIN1011377,0.0
FIN1011378,0.0
FIN1011379,1.0
FIN1011380,0.0
FIN1011381,0.0
FIN1011382,1.0
FIN1011383,1.0
FIN1011384,0.0
FIN1011385,1.0
FIN1011386,1.0
FIN1011387,1.0
FIN1011388,0.0
FIN1011389,1.0
FIN1011390,1.0
FIN1011391,1.0
FIN1011392,0.0
FIN1011393,1.0
FIN1011394,0.0
FIN1011395,0.0
FIN1011396,1.0
FIN1011397,0.0
FIN1011398,1.0
FIN1011399,0.0
FIN1011400,0.0
FIN1011401,1.0
FIN1011402,0.0
FIN1011403,0.0
FIN1011404,1.0
FIN1011405,0.0
FIN1011406,0.0
FIN1011407,0.0
FIN1011408,0.0
FIN1011409,0.0
FIN1011410,0.0
FIN1011411,1.0
FIN1011412,1.0
FIN1011413,0.0
FIN1011414,1.0
FIN1011415,1.0
FIN1011416,1.0
FIN1011417,0.0
FIN1011418,0.0
FIN1011419,0.0
FIN1011420,1.0
FIN1011421,0.0
FIN1011422,0.0
FIN1011423,1.0
FIN1011424,0.0
FIN1011425,1.0
FIN1011426,0.0
FIN1011427,1.0
FIN1011428,1.0
FIN1011429,0.0
FIN1011430,1.0
FIN1011431,1.0
FIN1011432,0.0
FIN1011433,0.0
FIN1011434,1.0
FIN1011435,0.0
FIN1011436,0.0
FIN1011437,1.0
FIN1011438,0.0
FIN1011439,1.0
FIN1011440,0.0
FIN1011441,1.0
FIN1011442,1.0
FIN1011443,0.0
FIN1011444,0.0
FIN1011445,0.0
FIN1011446,0.0
FIN1011447,0.0
FIN1011448,0.0
FIN1011449,1.0
FIN1011450,1.0
FIN1011451,1.0
FIN1011452,0.0
FIN1011453,1.0
FIN1011454,0.0
FIN1011455,1.0
FIN1011456,0.0
FIN1011457,0.0
FIN1011458,1.0
FIN1011459,0.0
FIN1011460,0.0
FIN1011461,0.0
FIN1011462,0.0
FIN1011463,1.0
FIN1011464,0.0
FIN1011465,1.0
FIN1011466,0.0
FIN1011467,0.0
FIN1011468,0.0
FIN1011469,0.0
FIN1011470,0.0
FIN1011471,0.0
FIN1011472,0.0
FIN1011473,1.0
FIN1011474,0.0
FIN1011475,0.0
FIN1011476,0.0
FIN1011477,0.0
FIN1011478,1.0
FIN1011479,1.0
FIN1011480,0.0
FIN1011481,0.0
FIN1011482,1.0
FIN1011483,1.0
FIN1011484,1.0
FIN1011485,1.0
FIN1011486,1.0
FIN1011487,0.0
FIN1011488,1.0
FIN1011489,1.0
FIN1011490,0.0
FIN1011491,1.0
FIN1011492,1.0
FIN1011493,1.0
FIN1011494,1.0
FIN1011495,1.0
FIN1011496,1.0
FIN1011497,1.0
FIN1011498,1.0
FIN1011499,0.0
FIN1011500,1.0
FIN1011501,0.0
FIN1011502,0.0
FIN1011503,0.0
FIN1011504,0.0
FIN1011505,1.0
FIN1011506,1.0
FIN1011507,0.0
FIN1011508,1.0
FIN1011509,0.0
FIN1011510,1.0
FIN1011511,1.0
FIN1011512,1.0
FIN1011513,0.0
FIN1011514,1.0
FIN1011515,1.0
FIN1011516,0.0
FIN1011517,0.0
FIN1011518,0.0
FIN1011519,1.0
FIN1011520,1.0
FIN1011521,1.0
FIN1011522,1.0
FIN1011523,1.0
FIN1011524,0.0
FIN1011525,1.0
FIN1011526,1.0
FIN1011527,1.0
FIN1011528,1.0
FIN1011529,0.0
FIN1011530,0.0
FIN1011531,0.0
FIN1011532,1.0
FIN1011533,0.0
FIN1011534,0.0
FIN1011535,0.0
FIN1011536,0.0
FIN1011537,0.0
FIN1011538,0.0
FIN1011539,1.0
FIN1011540,1.0
FIN1011541,1.0
FIN1011542,0.0
FIN1011543,0.0
FIN1011544,1.0
FIN1011545,1.0
FIN1011546,1.0
FIN1011547,1.0
FIN1011548,0.0
FIN1011549,1.0
FIN1011550,0.0
FIN1011551,1.0
FIN1011552,1.0
FIN1011553,1.0
FIN1011554,0.0
FIN1011555,0.0
FIN1011556,1.0
FIN1011557,1.0
FIN1011558,0.0
FIN1011559,1.0
FIN1011560,0.0
FIN1011561,1.0
FIN1011562,0.0
FIN1011563,1.0
FIN1011564,1.0
FIN1011565,0.0
FIN1011566,1.0
FIN1011567,0.0
FIN1011568,0.0
FIN1011569,1.0
FIN1011570,0.0
FIN1011571,0.0
FIN1011572,0.0
FIN1011573,0.0
FIN1011574,1.0
FIN1011575,0.0
FIN1011576,1.0
FIN1011577,1.0
FIN1011578,0.0
FIN1011579,1.0
FIN1011580,0.0
FIN1011581,1.0
FIN1011582,0.0
FIN1011583,1.0
FIN1011584,1.0
FIN1011585,0.0
FIN1011586,1.0
FIN1011587,0.0
FIN1011588,0.0
FIN1011589,0.0
FIN1011590,1.0
FIN1011591,1.0
FIN1011592,0.0
FIN1011593,0.0
FIN1011594,0.0
FIN1011595,0.0
FIN1011596,0.0
FIN1011597,0.0
FIN1011598,0.0
FIN1011599,1.0
FIN1011600,1.0
FIN1011601,0.0
FIN1011602,0.0
FIN1011603,0.0
FIN1011604,1.0
FIN1011605,0.0
FIN1011606,0.0
FIN1011607,1.0
FIN1011608,1.0
FIN1011609,0.0
FIN1011610,1.0
FIN1011611,1.0
FIN1011612,1.0
FIN1011613,1.0
FIN1011614,1.0
FIN1011615,0.0
FIN1011616,1.0
FIN1011617,0.0
FIN1011618,1.0
FIN1011619,0.0
FIN1011620,1.0
FIN1011621,0.0
FIN1011622,0.0
FIN1011623,1.0
FIN1011624,0.0
FIN1011625,0.0
FIN1011626,1.0
FIN1011627,0.0
FIN1011628,0.0
FIN1011629,0.0
FIN1011630,1.0
FIN1011631,0.0
FIN1011632,0.0
FIN1011633,1.0
FIN1011634,1.0
FIN1011635,0.0
FIN1011636,0.0
FIN1011637,0.0
FIN1011638,1.0
FIN1011639,1.0
FIN1011640,0.0
FIN1011641,0.0
FIN1011642,0.0
FIN1011643,0.0
FIN1011644,1.0
FIN1011645,0.0
FIN1011646,0.0
FIN1011647,0.0
FIN1011648,1.0
FIN1011649,1.0
FIN1011650,0.0
FIN1011651,0.0
FIN1011652,1.0
FIN1011653,1.0
FIN1011654,0.0
FIN1011655,1.0
FIN1011656,0.0
FIN1011657,0.0
FIN1011658,1.0
FIN1011659,1.0
FIN1011660,1.0
FIN1011661,0.0
FIN1011662,0.0
FIN1011663,1.0
FIN1011664,1.0
FIN1011665,1.0
FIN1011666,0.0
FIN1011667,1.0
FIN1011668,1.0
FIN1011669,1.0
FIN1011670,1.0
FIN1011671,0.0
FIN1011672,1.0
FIN1011673,0.0
FIN1011674,1.0
FIN1011675,1.0
FIN1011676,1.0
FIN1011677,0.0
FIN1011678,0.0
FIN1011679,0.0
FIN1011680,0.0
FIN1011681,1.0
FIN1011682,0.0
FIN1011683,0.0
FIN1011684,1.0
FIN1011685,1.0
FIN1011686,1.0
FIN1011687,1.0
FIN1011688,0.0
FIN1011689,0.0
FIN1011690,1.0
FIN1011691,0.0
FIN1011692,1.0
FIN1011693,0.0
FIN1011694,0.0
FIN1011695,0.0
FIN1011696,0.0
FIN1011697,1.0
FIN1011698,0.0
FIN1011699,0.0
FIN1011700,0.0
FIN1011701,1.0
FIN1011702,0.0
FIN1011703,1.0
FIN1011704,1.0
FIN1011705,1.0
FIN1011706,1.0
FIN1011707,1.0
FIN1011708,1.0
FIN1011709,1.0
FIN1011710,0.0
FIN1011711,1.0
FIN1011712,0.0
FIN1011713,0.0
FIN1011714,1.0
FIN1011715,1.0
FIN1011716,0.0
FIN1011717,0.0
FIN1011718,1.0
FIN1011719,0.0
FIN1011720,1.0
FIN1011721,0.0
FIN1011722,0.0
FIN1011723,0.0
FIN1011724,0.0
FIN1011725,1.0
FIN1011726,0.0
FIN1011727,0.0
FIN1011728,1.0
FIN1011729,0.0
FIN1011730,1.0
FIN1011731,0.0
FIN1011732,1.0
FIN1011733,1.0
FIN1011734,0.0
FIN1011735,1.0
FIN1011736,0.0
FIN1011737,1.0
FIN1011738,0.0
FIN1011739,0.0
FIN1011740,1.0
FIN1011741,0.0
FIN1011742,1.0
FIN1011743,0.0
FIN1011744,0.0
FIN1011745,0.0
FIN1011746,1.0
FIN1011747,1.0
FIN1011748,0.0
FIN1011749,0.0
FIN1011750,0.0
FIN1011751,0.0
FIN1011752,0.0
FIN1011753,1.0
FIN1011754,0.0
FIN1011755,0.0
FIN1011756,1.0
FIN1011757,0.0
FIN1011758,1.0
FIN1011759,0.0
FIN1011760,0.0
FIN1011761,1.0
FIN1011762,1.0
FIN1011763,0.0
FIN1011764,1.0
FIN1011765,1.0
FIN1011766,0.0
FIN1011767,1.0
FIN1011768,0.0
FIN1011769,0.0
FIN1011770,1.0
FIN1011771,0.0
FIN1011772,1.0
FIN1011773,0.0
FIN1011774,0.0
FIN1011775,1.0
FIN1011776,0.0
FIN1011777,1.0
FIN1011778,1.0
FIN1011779,1.0
FIN1011780,0.0
FIN1011781,0.0
FIN1011782,1.0
FIN1011783,1.0
FIN1011784,0.0
FIN1011785,1.0
FIN1011786,1.0
FIN1011787,0.0
FIN1011788,0.0
FIN1011789,1.0
FIN1011790,0.0
FIN1011791,1.0
FIN1011792,0.0
FIN1011793,1.0
FIN1011794,0.0
FIN1011795,1.0
FIN1011796,1.0
FIN1011797,1.0
FIN1011798,0.0
FIN1011799,0.0
FIN1011800,1.0
FIN1011801,0.0
FIN1011802,1.0
FIN1011803,0.0
FIN1011804,1.0
FIN1011805,0.0
FIN1011806,1.0
FIN1011807,0.0
FIN1011808,1.0
FIN1011809,0.0
FIN1011810,0.0
FIN1011811,1.0
FIN1011812,0.0
FIN1011813,0.0
FIN1011814,1.0
FIN1011815,1.0
FIN1011816,0.0
FIN1011817,0.0
FIN1011818,0.0
FIN1011819,1.0
FIN1011820,1.0
FIN1011821,0.0
FIN1011822,0.0
FIN1011823,0.0
FIN1011824,1.0
FIN1011825,0.0
FIN1011826,0.0
FIN1011827,1.0
FIN1011828,1.0
FIN1011829,0.0
FIN1011830,0.0
FIN1011831,1.0
FIN1011832,0.0
FIN1011833,1.0
FIN1011834,1.0
FIN1011835,0.0
FIN1011836,1.0
FIN1011837,0.0
FIN1011838,1.0
FIN1011839,0.0
FIN1011840,1.0
FIN1011841,0.0
FIN1011842,0.0
FIN1011843,1.0
FIN1011844,0.0
FIN1011845,0.0
FIN1011846,1.0
FIN1011847,0.0
FIN1011848,1.0
FIN1011849,0.0
FIN1011850,1.0
FIN1011851,1.0
FIN1011852,0.0
FIN1011853,0.0
FIN1011854,1.0
FIN1011855,0.0
FIN1011856,1.0
FIN1011857,0.0
FIN1011858,0.0
FIN1011859,1.0
FIN1011860,1.0
FIN1011861,0.0
FIN1011862,1.0
FIN1011863,0.0
FIN1011864,1.0
FIN1011865,0.0
FIN1011866,0.0
FIN1011867,0.0
FIN1011868,0.0
FIN1011869,0.0
FIN1011870,1.0
FIN1011871,0.0
FIN1011872,1.0
FIN1011873,0.0
FIN1011874,1.0
FIN1011875,0.0
FIN1011876,1.0
FIN1011877,0.0
FIN1011878,0.0
FIN1011879,1.0
FIN1011880,1.0
FIN1011881,1.0
FIN1011882,0.0
FIN1011883,0.0
FIN1011884,0.0
FIN1011885,1.0
FIN1011886,0.0
FIN1011887,0.0
FIN1011888,1.0
FIN1011889,1.0
FIN1011890,0.0
FIN1011891,1.0
FIN1011892,0.0
FIN1011893,0.0
FIN1011894,1.0
FIN1011895,1.0
FIN1011896,0.0
FIN1011897,0.0
FIN1011898,1.0
FIN1011899,1.0
FIN1011900,0.0
FIN1011901,1.0
FIN1011902,0.0
FIN1011903,0.0
FIN1011904,1.0
FIN1011905,1.0
FIN1011906,1.0
FIN1011907,0.0
FIN1011908,1.0
FIN1011909,0.0
FIN1011910,0.0
FIN1011911,1.0
FIN1011912,1.0
FIN1011913,1.0
FIN1011914,0.0
FIN1011915,1.0
FIN1011916,1.0
FIN1011917,0.0
FIN1011918,1.0
FIN1011919,0.0
FIN1011920,0.0
FIN1011921,0.0
FIN1011922,0.0
FIN1011923,0.0
FIN1011924,0.0
FIN1011925,0.0
FIN1011926,0.0
FIN1011927,1.0
FIN1011928,1.0
FIN1011929,1.0
FIN1011930,0.0
FIN1011931,1.0
FIN1011932,0.0
FIN1011933,0.0
FIN1011934,0.0
FIN1011935,0.0
FIN1011936,0.0
FIN1011937,0.0
FIN1011938,0.0
FIN1011939,1.0
FIN1011940,0.0
FIN1011941,1.0
FIN1011942,1.0
FIN1011943,1.0
FIN1011944,1.0
FIN1011945,0.0
FIN1011946,0.0
FIN1011947,1.0
FIN1011948,0.0
FIN1011949,1.0
FIN1011950,0.0
FIN1011951,1.0
FIN1011952,0.0
FIN1011953,0.0
FIN1011954,0.0
FIN1011955,0.0
FIN1011956,0.0
FIN1011957,0.0
FIN1011958,1.0
FIN1011959,1.0
FIN1011960,1.0
FIN1011961,1.0
FIN1011962,1.0
FIN1011963,1.0
FIN1011964,1.0
FIN1011965,0.0
FIN1011966,1.0
FIN1011967,1.0
FIN1011968,0.0
FIN1011969,1.0
FIN1011970,1.0
FIN1011971,1.0
FIN1011972,0.0
FIN1011973,0.0
FIN1011974,0.0
FIN1011975,0.0
FIN1011976,0.0
FIN1011977,0.0
FIN1011978,0.0
FIN1011979,0.0
FIN1011980,1.0
FIN1011981,1.0
FIN1011982,1.0
FIN1011983,0.0
FIN1011984,1.0
FIN1011985,1.0
FIN1011986,0.0
FIN1011987,0.0
FIN1011988,0.0
FIN1011989,0.0
FIN1011990,0.0
FIN1011991,0.0
FIN1011992,0.0
FIN1011993,0.0
FIN1011994,0.0
FIN1011995,1.0
FIN1011996,1.0
FIN1011997,1.0
FIN1011998,0.0
FIN1011999,1.0
FIN1012000,0.0
FIN1012001,0.0
FIN1012002,0.0
FIN1012003,0.0
FIN1012004,1.0
FIN1012005,0.0
FIN1012006,1.0
FIN1012007,1.0
FIN1012008,0.0
FIN1012009,0.0
FIN1012010,1.0
FIN1012011,0.0
FIN1012012,1.0
FIN1012013,1.0
FIN1012014,0.0
FIN1012015,1.0
FIN1012016,1.0
FIN1012017,1.0
FIN1012018,1.0
FIN1012019,0.0
FIN1012020,1.0
FIN1012021,0.0
FIN1012022,1.0
FIN1012023,0.0
FIN1012024,0.0
FIN1012025,0.0
FIN1012026,0.0
FIN1012027,0.0
FIN1012028,0.0
FIN1012029,0.0
FIN1012030,1.0
FIN1012031,0.0
FIN1012032,1.0
FIN1012033,0.0
FIN1012034,1.0
FIN1012035,0.0
FIN1012036,0.0
FIN1012037,0.0
FIN1012038,1.0
FIN1012039,1.0
FIN1012040,0.0
FIN1012041,0.0
FIN1012042,1.0
FIN1012043,0.0
FIN1012044,0.0
FIN1012045,1.0
FIN1012046,0.0
FIN1012047,0.0
FIN1012048,0.0
FIN1012049,1.0
FIN1012050,0.0
FIN1012051,1.0
FIN1012052,1.0
FIN1012053,0.0
FIN1012054,1.0
FIN1012055,1.0
FIN1012056,1.0
FIN1012057,0.0
FIN1012058,1.0
FIN1012059,1.0
FIN1012060,0.0
FIN1012061,0.0
FIN1012062,0.0
FIN1012063,1.0
FIN1012064,0.0
FIN1012065,1.0
FIN1012066,1.0
FIN1012067,0.0
FIN1012068,1.0
FIN1012069,1.0
FIN1012070,1.0
FIN1012071,0.0
FIN1012072,0.0
FIN1012073,1.0
FIN1012074,0.0
FIN1012075,0.0
FIN1012076,1.0
FIN1012077,0.0
FIN1012078,1.0
FIN1012079,0.0
FIN1012080,0.0
FIN1012081,1.0
FIN1012082,0.0
FIN1012083,1.0
FIN1012084,0.0
FIN1012085,0.0
FIN1012086,1.0
FIN1012087,1.0
FIN1012088,0.0
FIN1012089,1.0
FIN1012090,0.0
FIN1012091,0.0
FIN1012092,1.0
FIN1012093,1.0
FIN1012094,0.0
FIN1012095,1.0
FIN1012096,1.0
FIN1012097,1.0
FIN1012098,0.0
FIN1012099,0.0
FIN1012100,0.0
FIN1012101,0.0
FIN1012102,1.0
FIN1012103,1.0
FIN1012104,1.0
FIN1012105,0.0
FIN1012106,0.0
FIN1012107,1.0
FIN1012108,1.0
FIN1012109,1.0
FIN1012110,0.0
FIN1012111,1.0
FIN1012112,0.0
FIN1012113,1.0
FIN1012114,0.0
FIN1012115,1.0
FIN1012116,0.0
FIN1012117,1.0
FIN1012118,0.0
FIN1012119,1.0
FIN1012120,1.0
FIN1012121,1.0
FIN1012122,1.0
FIN1012123,0.0
FIN1012124,0.0
FIN1012125,1.0
FIN1012126,1.0
FIN1012127,0.0
FIN1012128,1.0
FIN1012129,1.0
FIN1012130,1.0
FIN1012131,0.0
FIN1012132,0.0
FIN1012133,0.0
FIN1012134,1.0
FIN1012135,0.0
FIN1012136,1.0
FIN1012137,0.0
FIN1012138,1.0
FIN1012139,1.0
FIN1012140,0.0
FIN1012141,0.0
FIN1012142,0.0
FIN1012143,1.0
FIN1012144,1.0
FIN1012145,1.0
FIN1012146,0.0
FIN1012147,0.0
FIN1012148,1.0
FIN1012149,1.0
FIN1012150,0.0
FIN1012151,1.0
FIN1012152,0.0
FIN1012153,0.0
FIN1012154,0.0
FIN1012155,1.0
FIN1012156,0.0
FIN1012157,0.0
FIN1012158,0.0
FIN1012159,0.0
FIN1012160,0.0
FIN1012161,1.0
FIN1012162,1.0
FIN1012163,0.0
FIN1012164,0.0
FIN1012165,1.0
FIN1012166,0.0
FIN1012167,0.0
FIN1012168,0.0
FIN1012169,0.0
FIN1012170,0.0
FIN1012171,0.0
FIN1012172,0.0
FIN1012173,0.0
FIN1012174,1.0
FIN1012175,0.0
FIN1012176,0.0
FIN1012177,1.0
FIN1012178,1.0
FIN1012179,0.0
FIN1012180,0.0
FIN1012181,0.0
FIN1012182,1.0
FIN1012183,0.0
FIN1012184,0.0
FIN1012185,0.0
FIN1012186,1.0
FIN1012187,1.0
FIN1012188,0.0
FIN1012189,0.0
FIN1012190,0.0
FIN1012191,1.0
FIN1012192,0.0
FIN1012193,1.0
FIN1012194,0.0
FIN1012195,1.0
FIN1012196,1.0
FIN1012197,0.0
FIN1012198,0.0
FIN1012199,1.0
FIN1012200,0.0
FIN1012201,1.0
FIN1012202,0.0
FIN1012203,0.0
FIN1012204,0.0
FIN1012205,0.0
FIN1012206,1.0
FIN1012207,1.0
FIN1012208,1.0
FIN1012209,0.0
FIN1012210,1.0
FIN1012211,0.0
FIN1012212,1.0
FIN1012213,0.0
FIN1012214,0.0
FIN1012215,0.0
FIN1012216,0.0
FIN1012217,0.0
FIN1012218,1.0
FIN1012219,0.0
FIN1012220,0.0
FIN1012221,0.0
FIN1012222,1.0
FIN1012223,0.0
FIN1012224,0.0
FIN1012225,0.0
FIN1012226,0.0
FIN1012227,0.0
FIN1012228,0.0
FIN1012229,0.0
FIN1012230,0.0
FIN1012231,1.0
FIN1012232,1.0
FIN1012233,0.0
FIN1012234,0.0
FIN1012235,1.0
FIN1012236,1.0
FIN1012237,0.0
FIN1012238,1.0
FIN1012239,0.0
FIN1012240,1.0
FIN1012241,0.0
FIN1012242,0.0
FIN1012243,1.0
FIN1012244,0.0
FIN1012245,0.0
FIN1012246,0.0
FIN1012247,0.0
FIN1012248,1.0
FIN1012249,1.0
FIN1012250,0.0
FIN1012251,1.0
FIN1012252,0.0
FIN1012253,1.0
FIN1012254,0.0
FIN1012255,1.0
FIN1012256,1.0
FIN1012257,1.0
FIN1012258,1.0
FIN1012259,0.0
FIN1012260,0.0
FIN1012261,0.0
FIN1012262,1.0
FIN1012263,0.0
FIN1012264,0.0
FIN1012265,0.0
FIN1012266,1.0
FIN1012267,0.0
FIN1012268,1.0
FIN1012269,0.0
FIN1012270,0.0
FIN1012271,1.0
FIN1012272,0.0
FIN1012273,0.0
FIN1012274,1.0
FIN1012275,1.0
FIN1012276,0.0
FIN1012277,1.0
FIN1012278,1.0
FIN1012279,0.0
FIN1012280,0.0
FIN1012281,0.0
FIN1012282,0.0
FIN1012283,0.0
FIN1012284,0.0
FIN1012285,1.0
FIN1012286,1.0
FIN1012287,0.0
FIN1012288,0.0
FIN1012289,0.0
FIN1012290,1.0
FIN1012291,1.0
FIN1012292,1.0
FIN1012293,0.0
FIN1012294,0.0
FIN1012295,1.0
FIN1012296,0.0
FIN1012297,1.0
FIN1012298,0.0
FIN1012299,1.0
FIN1012300,0.0
FIN1012301,1.0
FIN1012302,1.0
FIN1012303,0.0
FIN1012304,0.0
FIN1012305,0.0
FIN1012306,0.0
FIN1012307,0.0
FIN1012308,0.0
FIN1012309,0.0
FIN1012310,0.0
FIN1012311,0.0
FIN1012312,0.0
FIN1012313,1.0
FIN1012314,1.0
FIN1012315,0.0
FIN1012316,1.0
FIN1012317,0.0
FIN1012318,0.0
FIN1012319,1.0
FIN1012320,1.0
FIN1012321,0.0
FIN1012322,0.0
FIN1012323,0.0
FIN1012324,1.0
FIN1012325,1.0
FIN1012326,1.0
FIN1012327,0.0
FIN1012328,0.0
FIN1012329,1.0
FIN1012330,1.0
FIN1012331,0.0
FIN1012332,0.0
FIN1012333,0.0
FIN1012334,0.0
FIN1012335,0.0
FIN1012336,0.0
FIN1012337,0.0
FIN1012338,0.0
FIN1012339,1.0
FIN1012340,0.0
FIN1012341,0.0
FIN1012342,0.0
FIN1012343,1.0
FIN1012344,1.0
FIN1012345,0.0
FIN1012346,1.0
FIN1012347,1.0
FIN1012348,1.0
FIN1012349,1.0
FIN1012350,1.0
FIN1012351,0.0
FIN1012352,0.0
FIN1012353,0.0
FIN1012354,0.0
FIN1012355,0.0
FIN1012356,0.0
FIN1012357,0.0
FIN1012358,1.0
FIN1012359,1.0
FIN1012360,1.0
FIN1012361,0.0
FIN1012362,0.0
FIN1012363,0.0
FIN1012364,1.0
FIN1012365,0.0
FIN1012366,1.0
FIN1012367,1.0
FIN1012368,1.0
FIN1012369,0.0
FIN1012370,0.0
FIN1012371,0.0
FIN1012372,1.0
FIN1012373,1.0
FIN1012374,0.0
FIN1012375,0.0
FIN1012376,1.0
FIN1012377,1.0
FIN1012378,0.0
FIN1012379,1.0
FIN1012380,1.0
FIN1012381,1.0
FIN1012382,0.0
FIN1012383,1.0
FIN1012384,1.0
FIN1012385,0.0
FIN1012386,0.0
FIN1012387,1.0
FIN1012388,0.0
FIN1012389,0.0
FIN1012390,0.0
FIN1012391,1.0
FIN1012392,1.0
FIN1012393,1.0
FIN1012394,0.0
FIN1012395,0.0
FIN1012396,0.0
FIN1012397,1.0
FIN1012398,1.0
FIN1012399,0.0
FIN1012400,0.0
FIN1012401,0.0
FIN1012402,0.0
FIN1012403,1.0
FIN1012404,0.0
FIN1012405,0.0
FIN1012406,1.0
FIN1012407,1.0
FIN1012408,0.0
FIN1012409,0.0
FIN1012410,0.0
FIN1012411,1.0
FIN1012412,0.0
FIN1012413,0.0
FIN1012414,1.0
FIN1012415,0.0
FIN1012416,0.0
FIN1012417,0.0
FIN1012418,1.0
FIN1012419,1.0
FIN1012420,0.0
FIN1012421,0.0
FIN1012422,0.0
FIN1012423,1.0
FIN1012424,0.0
FIN1012425,0.0
FIN1012426,0.0
FIN1012427,0.0
FIN1012428,1.0
FIN1012429,0.0
FIN1012430,1.0
FIN1012431,1.0
FIN1012432,1.0
FIN1012433,0.0
FIN1012434,0.0
FIN1012435,1.0
FIN1012436,0.0
FIN1012437,0.0
FIN1012438,1.0
FIN1012439,1.0
FIN1012440,0.0
FIN1012441,1.0
FIN1012442,1.0
FIN1012443,1.0
FIN1012444,0.0
FIN1012445,0.0
FIN1012446,1.0
FIN1012447,0.0
FIN1012448,1.0
FIN1012449,0.0
FIN1012450,1.0
FIN1012451,1.0
FIN1012452,0.0
FIN1012453,0.0
FIN1012454,1.0
FIN1012455,0.0
FIN1012456,1.0
FIN1012457,0.0
FIN1012458,0.0
FIN1012459,1.0
FIN1012460,1.0
FIN1012461,0.0
FIN1012462,1.0
FIN1012463,0.0
FIN1012464,0.0
FIN1012465,1.0
FIN1012466,0.0
FIN1012467,1.0
FIN1012468,1.0
FIN1012469,1.0
FIN1012470,0.0
FIN1012471,1.0
FIN1012472,1.0
FIN1012473,1.0
FIN1012474,0.0
FIN1012475,0.0
FIN1012476,1.0
FIN1012477,0.0
FIN1012478,0.0
FIN1012479,0.0
FIN1012480,1.0
FIN1012481,1.0
FIN1012482,0.0
FIN1012483,0.0
FIN1012484,0.0
FIN1012485,1.0
FIN1012486,0.0
FIN1012487,1.0
FIN1012488,1.0
FIN1012489,0.0
FIN1012490,0.0
FIN1012491,0.0
FIN1012492,0.0
FIN1012493,0.0
FIN1012494,0.0
FIN1012495,0.0
FIN1012496,0.0
FIN1012497,0.0
FIN1012498,0.0
FIN1012499,0.0
FIN1012500,0.0
FIN1012501,0.0
FIN1012502,0.0
FIN1012503,1.0
FIN1012504,1.0
FIN1012505,1.0
FIN1012506,1.0
FIN1012507,0.0
FIN1012508,0.0
FIN1012509,1.0
FIN1012510,1.0
FIN1012511,0.0
FIN1012512,1.0
FIN1012513,1.0
FIN1012514,0.0
FIN1012515,0.0
FIN1012516,1.0
FIN1012517,1.0
FIN1012518,1.0
FIN1012519,0.0
FIN1012520,1.0
FIN1012521,0.0
FIN1012522,1.0
FIN1012523,1.0
FIN1012524,1.0
FIN1012525,0.0
FIN1012526,0.0
FIN1012527,0.0
FIN1012528,0.0
FIN1012529,1.0
FIN1012530,0.0
FIN1012531,1.0
FIN1012532,0.0
FIN1012533,0.0
FIN1012534,1.0
FIN1012535,0.0
FIN1012536,1.0
FIN1012537,0.0
FIN1012538,0.0
FIN1012539,1.0
FIN1012540,1.0
FIN1012541,0.0
FIN1012542,0.0
FIN1012543,1.0
FIN1012544,1.0
FIN1012545,0.0
FIN1012546,0.0
FIN1012547,1.0
FIN1012548,0.0
FIN1012549,0.0
FIN1012550,0.0
FIN1012551,0.0
FIN1012552,0.0
FIN1012553,0.0
FIN1012554,0.0
FIN1012555,1.0
FIN1012556,1.0
FIN1012557,1.0
FIN1012558,0.0
FIN1012559,0.0
FIN1012560,0.0
FIN1012561,1.0
FIN1012562,0.0
FIN1012563,0.0
FIN1012564,0.0
FIN1012565,1.0
FIN1012566,0.0
FIN1012567,1.0
FIN1012568,1.0
FIN1012569,0.0
FIN1012570,0.0
FIN1012571,1.0
FIN1012572,0.0
FIN1012573,1.0
FIN1012574,1.0
FIN1012575,1.0
FIN1012576,0.0
FIN1012577,1.0
FIN1012578,0.0
FIN1012579,0.0
FIN1012580,0.0
FIN1012581,0.0
FIN1012582,1.0
FIN1012583,0.0
FIN1012584,0.0
FIN1012585,1.0
FIN1012586,0.0
FIN1012587,0.0
FIN1012588,0.0
FIN1012589,0.0
FIN1012590,0.0
FIN1012591,1.0
FIN1012592,1.0
FIN1012593,0.0
FIN1012594,0.0
FIN1012595,0.0
FIN1012596,0.0
FIN1012597,0.0
FIN1012598,1.0
FIN1012599,1.0
FIN1012600,0.0
FIN1012601,0.0
FIN1012602,0.0
FIN1012603,0.0
FIN1012604,0.0
FIN1012605,1.0
FIN1012606,0.0
FIN1012607,0.0
FIN1012608,0.0
FIN1012609,1.0
FIN1012610,0.0
FIN1012611,0.0
FIN1012612,1.0
FIN1012613,1.0
FIN1012614,0.0
FIN1012615,0.0
FIN1012616,0.0
FIN1012617,0.0
FIN1012618,1.0
FIN1012619,1.0
FIN1012620,1.0
FIN1012621,0.0
FIN1012622,1.0
FIN1012623,0.0
FIN1012624,0.0
FIN1012625,0.0
FIN1012626,1.0
FIN1012627,0.0
FIN1012628,0.0
FIN1012629,1.0
FIN1012630,1.0
FIN1012631,0.0
FIN1012632,1.0
FIN1012633,1.0
FIN1012634,0.0
FIN1012635,0.0
FIN1012636,1.0
FIN1012637,0.0
FIN1012638,1.0
FIN1012639,0.0
FIN1012640,1.0
FIN1012641,0.0
FIN1012642,1.0
FIN1012643,1.0
FIN1012644,0.0
FIN1012645,1.0
FIN1012646,0.0
FIN1012647,0.0
FIN1012648,0.0
FIN1012649,1.0
FIN1012650,1.0
FIN1012651,0.0
FIN1012652,0.0
FIN1012653,1.0
FIN1012654,0.0
FIN1012655,0.0
FIN1012656,1.0
FIN1012657,0.0
FIN1012658,0.0
FIN1012659,0.0
FIN1012660,1.0
FIN1012661,0.0
FIN1012662,1.0
FIN1012663,1.0
FIN1012664,1.0
FIN1012665,1.0
FIN1012666,0.0
FIN1012667,0.0
FIN1012668,0.0
FIN1012669,1.0
FIN1012670,1.0
FIN1012671,1.0
FIN1012672,1.0
FIN1012673,1.0
FIN1012674,0.0
FIN1012675,0.0
FIN1012676,0.0
FIN1012677,1.0
FIN1012678,0.0
FIN1012679,0.0
FIN1012680,0.0
FIN1012681,0.0
FIN1012682,0.0
FIN1012683,0.0
FIN1012684,0.0
FIN1012685,1.0
FIN1012686,1.0
FIN1012687,1.0
FIN1012688,0.0
FIN1012689,0.0
FIN1012690,0.0
FIN1012691,1.0
FIN1012692,1.0
FIN1012693,1.0
FIN1012694,1.0
FIN1012695,0.0
FIN1012696,0.0
FIN1012697,1.0
FIN1012698,0.0
FIN1012699,1.0
FIN1012700,1.0
FIN1012701,0.0
FIN1012702,0.0
FIN1012703,1.0
FIN1012704,1.0
FIN1012705,0.0
FIN1012706,1.0
FIN1012707,1.0
FIN1012708,1.0
FIN1012709,0.0
FIN1012710,1.0
FIN1012711,1.0
FIN1012712,1.0
FIN1012713,0.0
FIN1012714,1.0
FIN1012715,1.0
FIN1012716,0.0
FIN1012717,0.0
FIN1012718,0.0
FIN1012719,1.0
FIN1012720,1.0
FIN1012721,1.0
FIN1012722,0.0
FIN1012723,0.0
FIN1012724,0.0
FIN1012725,1.0
FIN1012726,1.0
FIN1012727,1.0
FIN1012728,1.0
FIN1012729,1.0
FIN1012730,1.0
FIN1012731,1.0
FIN1012732,0.0
FIN1012733,1.0
FIN1012734,0.0
FIN1012735,0.0
FIN1012736,1.0
FIN1012737,0.0
FIN1012738,1.0
FIN1012739,1.0
FIN1012740,0.0
FIN1012741,1.0
FIN1012742,1.0
FIN1012743,0.0
FIN1012744,0.0
FIN1012745,1.0
FIN1012746,1.0
FIN1012747,0.0
FIN1012748,0.0
FIN1012749,0.0
FIN1012750,0.0
FIN1012751,0.0
FIN1012752,1.0
FIN1012753,0.0
FIN1012754,0.0
FIN1012755,1.0
FIN1012756,1.0
FIN1012757,1.0
FIN1012758,1.0
FIN1012759,1.0
FIN1012760,1.0
FIN1012761,1.0
FIN1012762,1.0
FIN1012763,0.0
FIN1012764,1.0
FIN1012765,1.0
FIN1012766,1.0
FIN1012767,0.0
FIN1012768,0.0
FIN1012769,1.0
FIN1012770,1.0
FIN1012771,1.0
FIN1012772,0.0
FIN1012773,1.0
FIN1012774,0.0
FIN1012775,0.0
FIN1012776,1.0
FIN1012777,0.0
FIN1012778,0.0
FIN1012779,0.0
FIN1012780,1.0
FIN1012781,1.0
FIN1012782,0.0
FIN1012783,1.0
FIN1012784,1.0
FIN1012785,0.0
FIN1012786,0.0
FIN1012787,1.0
FIN1012788,0.0
FIN1012789,1.0
FIN1012790,1.0
FIN1012791,0.0
FIN1012792,1.0
FIN1012793,0.0
FIN1012794,1.0
FIN1012795,1.0
FIN1012796,1.0
FIN1012797,0.0
FIN1012798,0.0
FIN1012799,1.0
FIN1012800,1.0
FIN1012801,1.0
FIN1012802,0.0
FIN1012803,1.0
FIN1012804,0.0
FIN1012805,1.0
FIN1012806,0.0
FIN1012807,0.0
FIN1012808,0.0
FIN1012809,0.0
FIN1012810,0.0
FIN1012811,1.0
FIN1012812,0.0
FIN1012813,0.0
FIN1012814,0.0
FIN1012815,1.0
FIN1012816,0.0
FIN1012817,1.0
FIN1012818,1.0
FIN1012819,0.0
FIN1012820,0.0
FIN1012821,1.0
FIN1012822,0.0
FIN1012823,0.0
FIN1012824,1.0
FIN1012825,0.0
FIN1012826,0.0
FIN1012827,1.0
FIN1012828,1.0
FIN1012829,1.0
FIN1012830,1.0
FIN1012831,0.0
FIN1012832,0.0
FIN1012833,0.0
FIN1012834,0.0
FIN1012835,0.0
FIN1012836,0.0
FIN1012837,0.0
FIN1012838,0.0
FIN1012839,0.0
FIN1012840,1.0
FIN1012841,1.0
FIN1012842,0.0
FIN1012843,0.0
FIN1012844,1.0
FIN1012845,0.0
FIN1012846,0.0
FIN1012847,1.0
FIN1012848,1.0
FIN1012849,1.0
FIN1012850,0.0
FIN1012851,0.0
FIN1012852,1.0
FIN1012853,1.0
FIN1012854,0.0
FIN1012855,0.0
FIN1012856,0.0
FIN1012857,0.0
FIN1012858,1.0
FIN1012859,1.0
FIN1012860,1.0
FIN1012861,0.0
FIN1012862,0.0
FIN1012863,1.0
FIN1012864,0.0
FIN1012865,1.0
FIN1012866,0.0
FIN1012867,0.0
FIN1012868,0.0
FIN1012869,0.0
FIN1012870,1.0
FIN1012871,1.0
FIN1012872,0.0
FIN1012873,0.0
FIN1012874,1.0
FIN1012875,0.0
FIN1012876,1.0
FIN1012877,0.0
FIN1012878,0.0
FIN1012879,0.0
FIN1012880,0.0
FIN1012881,0.0
FIN1012882,1.0
FIN1012883,1.0
FIN1012884,1.0
FIN1012885,0.0
FIN1012886,0.0
FIN1012887,0.0
FIN1012888,0.0
FIN1012889,1.0
FIN1012890,1.0
FIN1012891,1.0
FIN1012892,0.0
FIN1012893,0.0
FIN1012894,0.0
FIN1012895,0.0
FIN1012896,0.0
FIN1012897,0.0
FIN1012898,0.0
FIN1012899,0.0
FIN1012900,0.0
FIN1012901,0.0
FIN1012902,1.0
FIN1012903,0.0
FIN1012904,1.0
FIN1012905,1.0
FIN1012906,1.0
FIN1012907,0.0
FIN1012908,0.0
FIN1012909,1.0
FIN1012910,1.0
FIN1012911,1.0
FIN1012912,0.0
FIN1012913,1.0
FIN1012914,0.0
FIN1012915,0.0
FIN1012916,0.0
FIN1012917,1.0
FIN1012918,1.0
FIN1012919,0.0
FIN1012920,0.0
FIN1012921,1.0
FIN1012922,0.0
FIN1012923,1.0
FIN1012924,0.0
FIN1012925,0.0
FIN1012926,0.0
FIN1012927,0.0
FIN1012928,0.0
FIN1012929,0.0
FIN1012930,0.0
FIN1012931,0.0
FIN1012932,1.0
FIN1012933,0.0
FIN1012934,1.0
FIN1012935,0.0
FIN1012936,1.0
FIN1012937,0.0
FIN1012938,0.0
FIN1012939,1.0
FIN1012940,0.0
FIN1012941,1.0
FIN1012942,0.0
FIN1012943,1.0
FIN1012944,0.0
FIN1012945,0.0
FIN1012946,0.0
FIN1012947,1.0
FIN1012948,0.0
FIN1012949,0.0
FIN1012950,0.0
FIN1012951,1.0
FIN1012952,0.0
FIN1012953,0.0
FIN1012954,1.0
FIN1012955,0.0
FIN1012956,1.0
FIN1012957,0.0
FIN1012958,0.0
FIN1012959,0.0
FIN1012960,0.0
FIN1012961,0.0
FIN1012962,0.0
FIN1012963,0.0
FIN1012964,0.0
FIN1012965,0.0
FIN1012966,0.0
FIN1012967,0.0
FIN1012968,1.0
FIN1012969,0.0
FIN1012970,0.0
FIN1012971,1.0
FIN1012972,0.0
FIN1012973,1.0
FIN1012974,0.0
FIN1012975,1.0
FIN1012976,0.0
FIN1012977,1.0
FIN1012978,0.0
FIN1012979,0.0
FIN1012980,0.0
FIN1012981,0.0
FIN1012982,1.0
FIN1012983,1.0
FIN1012984,1.0
FIN1012985,1.0
FIN1012986,0.0
FIN1012987,0.0
FIN1012988,0.0
FIN1012989,0.0
FIN1012990,0.0
FIN1012991,0.0
FIN1012992,0.0
FIN1012993,1.0
FIN1012994,0.0
FIN1012995,0.0
FIN1012996,0.0
FIN1012997,1.0
FIN1012998,1.0
FIN1012999,0.0
FIN1013000,1.0
FIN1013001,0.0
FIN1013002,1.0
FIN1013003,0.0
FIN1013004,1.0
FIN1013005,0.0
FIN1013006,0.0
FIN1013007,0.0
FIN1013008,0.0
FIN1013009,1.0
FIN1013010,0.0
FIN1013011,0.0
FIN1013012,0.0
FIN1013013,0.0
FIN1013014,0.0
FIN1013015,1.0
FIN1013016,1.0
FIN1013017,1.0
FIN1013018,0.0
FIN1013019,0.0
FIN1013020,0.0
FIN1013021,0.0
FIN1013022,0.0
FIN1013023,0.0
FIN1013024,0.0
FIN1013025,0.0
FIN1013026,1.0
FIN1013027,0.0
FIN1013028,1.0
FIN1013029,0.0
FIN1013030,1.0
FIN1013031,0.0
FIN1013032,1.0
FIN1013033,1.0
FIN1013034,1.0
FIN1013035,0.0
FIN1013036,1.0
FIN1013037,0.0
FIN1013038,1.0
FIN1013039,0.0
FIN1013040,1.0
FIN1013041,1.0
FIN1013042,1.0
FIN1013043,1.0
FIN1013044,0.0
FIN1013045,1.0
FIN1013046,1.0
FIN1013047,0.0
FIN1013048,0.0
FIN1013049,0.0
FIN1013050,0.0
FIN1013051,0.0
FIN1013052,0.0
FIN1013053,0.0
FIN1013054,0.0
FIN1013055,1.0
FIN1013056,0.0
FIN1013057,0.0
FIN1013058,0.0
FIN1013059,0.0
FIN1013060,1.0
FIN1013061,1.0
FIN1013062,1.0
FIN1013063,1.0
FIN1013064,1.0
FIN1013065,0.0
FIN1013066,0.0
FIN1013067,0.0
FIN1013068,1.0
FIN1013069,1.0
FIN1013070,0.0
FIN1013071,1.0
FIN1013072,0.0
FIN1013073,0.0
FIN1013074,0.0
FIN1013075,0.0
FIN1013076,0.0
FIN1013077,0.0
FIN1013078,0.0
FIN1013079,0.0
FIN1013080,0.0
FIN1013081,0.0
FIN1013082,1.0
FIN1013083,0.0
FIN1013084,1.0
FIN1013085,0.0
FIN1013086,1.0
FIN1013087,1.0
FIN1013088,0.0
FIN1013089,0.0
FIN1013090,0.0
FIN1013091,0.0
FIN1013092,1.0
FIN1013093,0.0
FIN1013094,1.0
FIN1013095,1.0
FIN1013096,0.0
FIN1013097,0.0
FIN1013098,0.0
FIN1013099,0.0
FIN1013100,0.0
FIN1013101,0.0
FIN1013102,1.0
FIN1013103,1.0
FIN1013104,1.0
FIN1013105,1.0
FIN1013106,1.0
FIN1013107,0.0
FIN1013108,0.0
FIN1013109,0.0
FIN1013110,1.0
FIN1013111,1.0
FIN1013112,0.0
FIN1013113,0.0
FIN1013114,0.0
FIN1013115,0.0
FIN1013116,0.0
FIN1013117,1.0
FIN1013118,1.0
FIN1013119,1.0
FIN1013120,1.0
FIN1013121,1.0
FIN1013122,1.0
FIN1013123,1.0
FIN1013124,0.0
FIN1013125,1.0
FIN1013126,0.0
FIN1013127,0.0
FIN1013128,1.0
FIN1013129,0.0
FIN1013130,1.0
FIN1013131,0.0
FIN1013132,1.0
FIN1013133,0.0
FIN1013134,1.0
FIN1013135,0.0
FIN1013136,1.0
FIN1013137,1.0
FIN1013138,0.0
FIN1013139,0.0
FIN1013140,0.0
FIN1013141,1.0
FIN1013142,1.0
FIN1013143,1.0
FIN1013144,1.0
FIN1013145,1.0
FIN1013146,1.0
FIN1013147,0.0
FIN1013148,1.0
FIN1013149,0.0
FIN1013150,0.0
FIN1013151,0.0
FIN1013152,1.0
FIN1013153,0.0
FIN1013154,0.0
FIN1013155,0.0
FIN1013156,0.0
FIN1013157,0.0
FIN1013158,1.0
FIN1013159,0.0
FIN1013160,0.0
FIN1013161,0.0
FIN1013162,0.0
FIN1013163,1.0
FIN1013164,1.0
FIN1013165,0.0
FIN1013166,0.0
FIN1013167,0.0
FIN1013168,0.0
FIN1013169,0.0
FIN1013170,0.0
FIN1013171,0.0
FIN1013172,0.0
FIN1013173,0.0
FIN1013174,1.0
FIN1013175,0.0
FIN1013176,0.0
FIN1013177,0.0
FIN1013178,0.0
FIN1013179,1.0
FIN1013180,0.0
FIN1013181,0.0
FIN1013182,0.0
FIN1013183,1.0
FIN1013184,0.0
FIN1013185,1.0
FIN1013186,0.0
FIN1013187,0.0
FIN1013188,0.0
FIN1013189,1.0
FIN1013190,0.0
FIN1013191,1.0
FIN1013192,1.0
FIN1013193,1.0
FIN1013194,0.0
FIN1013195,0.0
FIN1013196,1.0
FIN1013197,1.0
FIN1013198,1.0
FIN1013199,1.0
FIN1013200,0.0
FIN1013201,0.0
FIN1013202,0.0
FIN1013203,0.0
FIN1013204,0.0
FIN1013205,0.0
FIN1013206,0.0
FIN1013207,0.0
FIN1013208,1.0
FIN1013209,1.0
FIN1013210,1.0
FIN1013211,0.0
FIN1013212,0.0
FIN1013213,0.0
FIN1013214,1.0
FIN1013215,1.0
FIN1013216,0.0
FIN1013217,0.0
FIN1013218,1.0
FIN1013219,1.0
FIN1013220,0.0
FIN1013221,1.0
FIN1013222,0.0
FIN1013223,0.0
FIN1013224,0.0
FIN1013225,0.0
FIN1013226,0.0
FIN1013227,1.0
FIN1013228,0.0
FIN1013229,1.0
FIN1013230,0.0
FIN1013231,0.0
FIN1013232,0.0
FIN1013233,1.0
FIN1013234,1.0
FIN1013235,0.0
FIN1013236,0.0
FIN1013237,1.0
FIN1013238,0.0
FIN1013239,1.0
FIN1013240,1.0
FIN1013241,1.0
FIN1013242,0.0
FIN1013243,0.0
FIN1013244,0.0
FIN1013245,0.0
FIN1013246,0.0
FIN1013247,1.0
FIN1013248,1.0
FIN1013249,0.0
FIN1013250,1.0
FIN1013251,0.0
FIN1013252,0.0
FIN1013253,0.0
FIN1013254,0.0
FIN1013255,0.0
FIN1013256,0.0
FIN1013257,1.0
FIN1013258,0.0
FIN1013259,0.0
FIN1013260,0.0
FIN1013261,0.0
FIN1013262,1.0
FIN1013263,0.0
FIN1013264,0.0
FIN1013265,0.0
FIN1013266,0.0
FIN1013267,0.0
FIN1013268,0.0
FIN1013269,0.0
FIN1013270,1.0
FIN1013271,1.0
FIN1013272,0.0
FIN1013273,0.0
FIN1013274,1.0
FIN1013275,0.0
FIN1013276,0.0
FIN1013277,0.0
FIN1013278,1.0
FIN1013279,0.0
FIN1013280,0.0
FIN1013281,1.0
FIN1013282,1.0
FIN1013283,0.0
FIN1013284,0.0
FIN1013285,1.0
FIN1013286,0.0
FIN1013287,0.0
FIN1013288,0.0
FIN1013289,1.0
FIN1013290,0.0
FIN1013291,1.0
FIN1013292,0.0
FIN1013293,1.0
FIN1013294,0.0
FIN1013295,0.0
FIN1013296,0.0
FIN1013297,1.0
FIN1013298,1.0
FIN1013299,0.0
FIN1013300,0.0
FIN1013301,1.0
FIN1013302,0.0
FIN1013303,1.0
FIN1013304,1.0
FIN1013305,0.0
FIN1013306,0.0
FIN1013307,0.0
FIN1013308,1.0
FIN1013309,0.0
FIN1013310,0.0
FIN1013311,0.0
FIN1013312,0.0
FIN1013313,0.0
FIN1013314,1.0
FIN1013315,0.0
FIN1013316,0.0
FIN1013317,0.0
FIN1013318,0.0
FIN1013319,0.0
FIN1013320,1.0
FIN1013321,0.0
FIN1013322,1.0
FIN1013323,1.0
FIN1013324,0.0
FIN1013325,0.0
FIN1013326,1.0
FIN1013327,0.0
FIN1013328,1.0
FIN1013329,1.0
FIN1013330,1.0
FIN1013331,1.0
FIN1013332,0.0
FIN1013333,0.0
FIN1013334,1.0
FIN1013335,0.0
FIN1013336,0.0
FIN1013337,0.0
FIN1013338,0.0
FIN1013339,1.0
FIN1013340,1.0
FIN1013341,0.0
FIN1013342,1.0
FIN1013343,1.0
FIN1013344,0.0
FIN1013345,0.0
FIN1013346,1.0
FIN1013347,0.0
FIN1013348,1.0
FIN1013349,1.0
FIN1013350,1.0
FIN1013351,0.0
FIN1013352,1.0
FIN1013353,1.0
FIN1013354,1.0
FIN1013355,1.0
FIN1013356,1.0
FIN1013357,0.0
FIN1013358,0.0
FIN1013359,0.0
FIN1013360,0.0
FIN1013361,0.0
FIN1013362,0.0
FIN1013363,0.0
FIN1013364,0.0
FIN1013365,1.0
FIN1013366,1.0
FIN1013367,0.0
FIN1013368,0.0
FIN1013369,0.0
FIN1013370,0.0
FIN1013371,1.0
FIN1013372,0.0
FIN1013373,1.0
FIN1013374,1.0
FIN1013375,1.0
FIN1013376,0.0
FIN1013377,0.0
FIN1013378,1.0
FIN1013379,0.0
FIN1013380,1.0
FIN1013381,1.0
FIN1013382,1.0
FIN1013383,1.0
FIN1013384,0.0
FIN1013385,0.0
FIN1013386,0.0
FIN1013387,0.0
FIN1013388,0.0
FIN1013389,0.0
FIN1013390,1.0
FIN1013391,0.0
FIN1013392,1.0
FIN1013393,1.0
FIN1013394,0.0
FIN1013395,1.0
FIN1013396,1.0
FIN1013397,0.0
FIN1013398,0.0
FIN1013399,1.0
FIN1013400,1.0
FIN1013401,1.0
FIN1013402,1.0
FIN1013403,1.0
FIN1013404,0.0
FIN1013405,0.0
FIN1013406,0.0
FIN1013407,0.0
FIN1013408,0.0
FIN1013409,0.0
FIN1013410,0.0
FIN1013411,0.0
FIN1013412,0.0
FIN1013413,0.0
FIN1013414,0.0
FIN1013415,0.0
FIN1013416,0.0
FIN1013417,0.0
FIN1013418,1.0
FIN1013419,1.0
FIN1013420,0.0
FIN1013421,0.0
FIN1013422,0.0
FIN1013423,0.0
FIN1013424,0.0
FIN1013425,0.0
FIN1013426,1.0
FIN1013427,1.0
FIN1013428,0.0
FIN1013429,0.0
FIN1013430,1.0
FIN1013431,0.0
FIN1013432,1.0
FIN1013433,1.0
FIN1013434,1.0
FIN1013435,1.0
FIN1013436,0.0
FIN1013437,0.0
FIN1013438,1.0
FIN1013439,0.0
FIN1013440,0.0
FIN1013441,0.0
FIN1013442,1.0
FIN1013443,0.0
FIN1013444,1.0
FIN1013445,0.0
FIN1013446,1.0
FIN1013447,0.0
FIN1013448,0.0
FIN1013449,1.0
FIN1013450,0.0
FIN1013451,0.0
FIN1013452,1.0
FIN1013453,0.0
FIN1013454,0.0
FIN1013455,0.0
FIN1013456,1.0
FIN1013457,0.0
FIN1013458,1.0
FIN1013459,0.0
FIN1013460,0.0
FIN1013461,1.0
FIN1013462,1.0
FIN1013463,1.0
FIN1013464,0.0
FIN1013465,0.0
FIN1013466,1.0
FIN1013467,1.0
FIN1013468,1.0
FIN1013469,0.0
FIN1013470,0.0
FIN1013471,1.0
FIN1013472,1.0
FIN1013473,1.0
FIN1013474,0.0
FIN1013475,1.0
FIN1013476,0.0
FIN1013477,1.0
FIN1013478,1.0
FIN1013479,0.0
FIN1013480,1.0
FIN1013481,0.0
FIN1013482,0.0
FIN1013483,1.0
FIN1013484,1.0
FIN1013485,1.0
FIN1013486,0.0
FIN1013487,1.0
FIN1013488,1.0
FIN1013489,1.0
FIN1013490,1.0
FIN1013491,1.0
FIN1013492,0.0
FIN1013493,1.0
FIN1013494,1.0
FIN1013495,1.0
FIN1013496,1.0
FIN1013497,1.0
FIN1013498,0.0
FIN1013499,0.0
FIN1013500,1.0
FIN1013501,0.0
FIN1013502,0.0
FIN1013503,1.0
FIN1013504,0.0
FIN1013505,0.0
FIN1013506,0.0
FIN1013507,1.0
FIN1013508,0.0
FIN1013509,0.0
FIN1013510,1.0
FIN1013511,1.0
FIN1013512,0.0
FIN1013513,1.0
FIN1013514,0.0
FIN1013515,1.0
FIN1013516,1.0
FIN1013517,0.0
FIN1013518,1.0
FIN1013519,1.0
FIN1013520,1.0
FIN1013521,0.0
FIN1013522,0.0
FIN1013523,0.0
FIN1013524,1.0
FIN1013525,0.0
FIN1013526,0.0
FIN1013527,1.0
FIN1013528,1.0
FIN1013529,1.0
FIN1013530,0.0
FIN1013531,0.0
FIN1013532,1.0
FIN1013533,1.0
FIN1013534,0.0
FIN1013535,1.0
FIN1013536,0.0
FIN1013537,0.0
FIN1013538,0.0
FIN1013539,1.0
FIN1013540,0.0
FIN1013541,0.0
FIN1013542,0.0
FIN1013543,0.0
FIN1013544,0.0
FIN1013545,1.0
FIN1013546,0.0
FIN1013547,1.0
FIN1013548,0.0
FIN1013549,0.0
FIN1013550,0.0
FIN1013551,0.0
FIN1013552,1.0
FIN1013553,1.0
FIN1013554,0.0
FIN1013555,0.0
FIN1013556,0.0
FIN1013557,0.0
FIN1013558,1.0
FIN1013559,1.0
FIN1013560,0.0
FIN1013561,0.0
FIN1013562,1.0
FIN1013563,1.0
FIN1013564,0.0
FIN1013565,0.0
FIN1013566,1.0
FIN1013567,1.0
FIN1013568,1.0
FIN1013569,0.0
FIN1013570,0.0
FIN1013571,0.0
FIN1013572,1.0
FIN1013573,0.0
FIN1013574,0.0
FIN1013575,1.0
FIN1013576,1.0
FIN1013577,0.0
FIN1013578,0.0
FIN1013579,0.0
FIN1013580,0.0
FIN1013581,0.0
FIN1013582,0.0
FIN1013583,1.0
FIN1013584,0.0
FIN1013585,0.0
FIN1013586,0.0
FIN1013587,0.0
FIN1013588,0.0
FIN1013589,1.0
FIN1013590,1.0
FIN1013591,0.0
FIN1013592,0.0
FIN1013593,0.0
FIN1013594,0.0
FIN1013595,0.0
FIN1013596,0.0
FIN1013597,0.0
FIN1013598,0.0
FIN1013599,0.0
FIN1013600,0.0
FIN1013601,0.0
FIN1013602,0.0
FIN1013603,0.0
FIN1013604,0.0
FIN1013605,1.0
FIN1013606,0.0
FIN1013607,1.0
FIN1013608,1.0
FIN1013609,0.0
FIN1013610,1.0
FIN1013611,0.0
FIN1013612,1.0
FIN1013613,0.0
FIN1013614,0.0
FIN1013615,1.0
FIN1013616,0.0
FIN1013617,0.0
FIN1013618,0.0
FIN1013619,1.0
FIN1013620,0.0
FIN1013621,0.0
FIN1013622,0.0
FIN1013623,0.0
FIN1013624,0.0
FIN1013625,0.0
FIN1013626,1.0
FIN1013627,1.0
FIN1013628,0.0
FIN1013629,0.0
FIN1013630,0.0
FIN1013631,1.0
FIN1013632,1.0
FIN1013633,0.0
FIN1013634,0.0
FIN1013635,0.0
FIN1013636,0.0
FIN1013637,1.0
FIN1013638,0.0
FIN1013639,0.0
FIN1013640,0.0
FIN1013641,0.0
FIN1013642,1.0
FIN1013643,0.0
FIN1013644,0.0
FIN1013645,0.0
FIN1013646,0.0
FIN1013647,1.0
FIN1013648,0.0
FIN1013649,1.0
FIN1013650,1.0
FIN1013651,1.0
FIN1013652,1.0
FIN1013653,0.0
FIN1013654,0.0
FIN1013655,0.0
FIN1013656,0.0
FIN1013657,1.0
FIN1013658,0.0
FIN1013659,0.0
FIN1013660,1.0
FIN1013661,0.0
FIN1013662,0.0
FIN1013663,1.0
FIN1013664,0.0
FIN1013665,0.0
FIN1013666,0.0
FIN1013667,1.0
FIN1013668,1.0
FIN1013669,1.0
FIN1013670,1.0
FIN1013671,0.0
FIN1013672,0.0
FIN1013673,1.0
FIN1013674,0.0
FIN1013675,0.0
FIN1013676,0.0
FIN1013677,0.0
FIN1013678,1.0
FIN1013679,0.0
FIN1013680,0.0
FIN1013681,0.0
FIN1013682,0.0
FIN1013683,1.0
FIN1013684,0.0
FIN1013685,0.0
FIN1013686,0.0
FIN1013687,1.0
FIN1013688,0.0
FIN1013689,1.0
FIN1013690,1.0
FIN1013691,1.0
FIN1013692,1.0
FIN1013693,0.0
FIN1013694,1.0
FIN1013695,1.0
FIN1013696,1.0
FIN1013697,1.0
FIN1013698,0.0
FIN1013699,0.0
FIN1013700,0.0
FIN1013701,1.0
FIN1013702,1.0
FIN1013703,1.0
FIN1013704,1.0
FIN1013705,1.0
FIN1013706,0.0
FIN1013707,0.0
FIN1013708,0.0
FIN1013709,0.0
FIN1013710,1.0
FIN1013711,1.0
FIN1013712,0.0
FIN1013713,1.0
FIN1013714,1.0
FIN1013715,1.0
FIN1013716,0.0
FIN1013717,0.0
FIN1013718,0.0
FIN1013719,1.0
FIN1013720,0.0
FIN1013721,1.0
FIN1013722,0.0
FIN1013723,0.0
FIN1013724,1.0
FIN1013725,0.0
FIN1013726,0.0
FIN1013727,0.0
FIN1013728,0.0
FIN1013729,0.0
FIN1013730,1.0
FIN1013731,0.0
FIN1013732,0.0
FIN1013733,0.0
FIN1013734,0.0
FIN1013735,1.0
FIN1013736,0.0
FIN1013737,1.0
FIN1013738,1.0
FIN1013739,1.0
FIN1013740,1.0
FIN1013741,1.0
FIN1013742,0.0
FIN1013743,0.0
FIN1013744,0.0
FIN1013745,0.0
FIN1013746,0.0
FIN1013747,0.0
FIN1013748,0.0
FIN1013749,0.0
FIN1013750,0.0
FIN1013751,0.0
FIN1013752,1.0
FIN1013753,1.0
FIN1013754,0.0
FIN1013755,1.0
FIN1013756,0.0
FIN1013757,0.0
FIN1013758,0.0
FIN1013759,0.0
FIN1013760,0.0
FIN1013761,0.0
FIN1013762,1.0
FIN1013763,0.0
FIN1013764,0.0
FIN1013765,1.0
FIN1013766,0.0
FIN1013767,1.0
FIN1013768,0.0
FIN1013769,0.0
FIN1013770,0.0
FIN1013771,0.0
FIN1013772,1.0
FIN1013773,1.0
FIN1013774,0.0
FIN1013775,1.0
FIN1013776,0.0
FIN1013777,1.0
FIN1013778,1.0
FIN1013779,1.0
FIN1013780,1.0
FIN1013781,1.0
FIN1013782,1.0
FIN1013783,0.0
FIN1013784,1.0
FIN1013785,0.0
FIN1013786,0.0
FIN1013787,0.0
FIN1013788,1.0
FIN1013789,0.0
FIN1013790,0.0
FIN1013791,1.0
FIN1013792,0.0
FIN1013793,0.0
FIN1013794,1.0
FIN1013795,1.0
FIN1013796,0.0
FIN1013797,1.0
FIN1013798,1.0
FIN1013799,0.0
FIN1013800,0.0
FIN1013801,0.0
FIN1013802,0.0
FIN1013803,1.0
FIN1013804,1.0
FIN1013805,0.0
FIN1013806,0.0
FIN1013807,0.0
FIN1013808,1.0
FIN1013809,1.0
FIN1013810,0.0
FIN1013811,0.0
FIN1013812,0.0
FIN1013813,0.0
FIN1013814,1.0
FIN1013815,1.0
FIN1013816,1.0
FIN1013817,0.0
FIN1013818,1.0
FIN1013819,0.0
FIN1013820,1.0
FIN1013821,0.0
FIN1013822,0.0
FIN1013823,1.0
FIN1013824,0.0
FIN1013825,0.0
FIN1013826,0.0
FIN1013827,1.0
FIN1013828,0.0
FIN1013829,0.0
FIN1013830,0.0
FIN1013831,1.0
FIN1013832,0.0
FIN1013833,0.0
FIN1013834,0.0
FIN1013835,1.0
FIN1013836,0.0
FIN1013837,1.0
FIN1013838,0.0
FIN1013839,0.0
FIN1013840,0.0
FIN1013841,0.0
FIN1013842,0.0
FIN1013843,0.0
FIN1013844,1.0
FIN1013845,1.0
FIN1013846,0.0
FIN1013847,0.0
FIN1013848,1.0
FIN1013849,1.0
FIN1013850,0.0
FIN1013851,1.0
FIN1013852,1.0
FIN1013853,1.0
FIN1013854,0.0
FIN1013855,0.0
FIN1013856,1.0
FIN1013857,0.0
FIN1013858,1.0
FIN1013859,1.0
FIN1013860,0.0
FIN1013861,0.0
FIN1013862,1.0
FIN1013863,0.0
FIN1013864,1.0
FIN1013865,1.0
FIN1013866,0.0
FIN1013867,0.0
FIN1013868,1.0
FIN1013869,0.0
FIN1013870,0.0
FIN1013871,0.0
FIN1013872,0.0
FIN1013873,0.0
FIN1013874,0.0
FIN1013875,0.0
FIN1013876,0.0
FIN1013877,0.0
FIN1013878,0.0
FIN1013879,0.0
FIN1013880,0.0
FIN1013881,0.0
FIN1013882,0.0
FIN1013883,0.0
FIN1013884,0.0
FIN1013885,1.0
FIN1013886,1.0
FIN1013887,0.0
FIN1013888,0.0
FIN1013889,0.0
FIN1013890,0.0
FIN1013891,0.0
FIN1013892,1.0
FIN1013893,0.0
FIN1013894,0.0
FIN1013895,0.0
FIN1013896,0.0
FIN1013897,0.0
FIN1013898,0.0
FIN1013899,1.0
FIN1013900,1.0
FIN1013901,0.0
FIN1013902,0.0
FIN1013903,0.0
FIN1013904,1.0
FIN1013905,1.0
FIN1013906,0.0
FIN1013907,0.0
FIN1013908,1.0
FIN1013909,1.0
FIN1013910,1.0
FIN1013911,1.0
FIN1013912,1.0
FIN1013913,1.0
FIN1013914,0.0
FIN1013915,1.0
FIN1013916,1.0
FIN1013917,0.0
FIN1013918,1.0
FIN1013919,1.0
FIN1013920,1.0
FIN1013921,0.0
FIN1013922,0.0
FIN1013923,0.0
FIN1013924,0.0
FIN1013925,1.0
FIN1013926,0.0
FIN1013927,1.0
FIN1013928,0.0
FIN1013929,1.0
FIN1013930,0.0
FIN1013931,0.0
FIN1013932,0.0
FIN1013933,1.0
FIN1013934,0.0
FIN1013935,0.0
FIN1013936,0.0
FIN1013937,1.0
FIN1013938,1.0
FIN1013939,0.0
FIN1013940,1.0
FIN1013941,1.0
FIN1013942,0.0
FIN1013943,0.0
FIN1013944,0.0
FIN1013945,0.0
FIN1013946,0.0
FIN1013947,0.0
FIN1013948,0.0
FIN1013949,0.0
FIN1013950,0.0
FIN1013951,1.0
FIN1013952,1.0
FIN1013953,1.0
FIN1013954,1.0
FIN1013955,0.0
FIN1013956,0.0
FIN1013957,1.0
FIN1013958,1.0
FIN1013959,0.0
FIN1013960,0.0
FIN1013961,1.0
FIN1013962,0.0
FIN1013963,1.0
FIN1013964,1.0
FIN1013965,0.0
FIN1013966,0.0
FIN1013967,1.0
FIN1013968,1.0
FIN1013969,0.0
FIN1013970,1.0
FIN1013971,1.0
FIN1013972,0.0
FIN1013973,0.0
FIN1013974,0.0
FIN1013975,0.0
FIN1013976,0.0
FIN1013977,1.0
FIN1013978,1.0
FIN1013979,0.0
FIN1013980,0.0
FIN1013981,1.0
FIN1013982,0.0
FIN1013983,1.0
FIN1013984,1.0
FIN1013985,0.0
FIN1013986,0.0
FIN1013987,0.0
FIN1013988,0.0
FIN1013989,0.0
FIN1013990,1.0
FIN1013991,1.0
FIN1013992,0.0
FIN1013993,1.0
FIN1013994,1.0
FIN1013995,0.0
FIN1013996,0.0
FIN1013997,1.0
FIN1013998,1.0
FIN1013999,0.0
FIN1014000,1.0
FIN1014001,0.0
FIN1014002,0.0
FIN1014003,1.0
FIN1014004,0.0
FIN1014005,0.0
FIN1014006,1.0
FIN1014007,0.0
FIN1014008,0.0
FIN1014009,1.0
FIN1014010,0.0
FIN1014011,1.0
FIN1014012,0.0
FIN1014013,1.0
FIN1014014,1.0
FIN1014015,0.0
FIN1014016,1.0
FIN1014017,1.0
FIN1014018,0.0
FIN1014019,0.0
FIN1014020,1.0
FIN1014021,0.0
FIN1014022,0.0
FIN1014023,1.0
FIN1014024,1.0
FIN1014025,0.0
FIN1014026,1.0
FIN1014027,1.0
FIN1014028,0.0
FIN1014029,0.0
FIN1014030,0.0
FIN1014031,1.0
FIN1014032,0.0
FIN1014033,1.0
FIN1014034,0.0
FIN1014035,1.0
FIN1014036,0.0
FIN1014037,0.0
FIN1014038,1.0
FIN1014039,1.0
FIN1014040,1.0
FIN1014041,1.0
FIN1014042,0.0
FIN1014043,0.0
FIN1014044,1.0
FIN1014045,0.0
FIN1014046,0.0
FIN1014047,0.0
FIN1014048,1.0
FIN1014049,1.0
FIN1014050,1.0
FIN1014051,0.0
FIN1014052,0.0
FIN1014053,0.0
FIN1014054,0.0
FIN1014055,1.0
FIN1014056,1.0
FIN1014057,1.0
FIN1014058,0.0
FIN1014059,1.0
FIN1014060,0.0
FIN1014061,0.0
FIN1014062,0.0
FIN1014063,0.0
FIN1014064,0.0
FIN1014065,1.0
FIN1014066,0.0
FIN1014067,0.0
FIN1014068,0.0
FIN1014069,0.0
FIN1014070,0.0
FIN1014071,0.0
FIN1014072,0.0
FIN1014073,1.0
FIN1014074,0.0
FIN1014075,0.0
FIN1014076,0.0
FIN1014077,0.0
FIN1014078,0.0
FIN1014079,0.0
FIN1014080,0.0
FIN1014081,1.0
FIN1014082,1.0
FIN1014083,0.0
FIN1014084,0.0
FIN1014085,1.0
FIN1014086,0.0
FIN1014087,0.0
FIN1014088,1.0
FIN1014089,1.0
FIN1014090,0.0
FIN1014091,0.0
FIN1014092,0.0
FIN1014093,0.0
FIN1014094,1.0
FIN1014095,0.0
FIN1014096,0.0
FIN1014097,0.0
FIN1014098,1.0
FIN1014099,1.0
FIN1014100,1.0
FIN1014101,0.0
FIN1014102,0.0
FIN1014103,0.0
FIN1014104,1.0
FIN1014105,0.0
FIN1014106,0.0
FIN1014107,1.0
FIN1014108,1.0
FIN1014109,1.0
FIN1014110,0.0
FIN1014111,0.0
FIN1014112,0.0
FIN1014113,0.0
FIN1014114,0.0
FIN1014115,0.0
FIN1014116,0.0
FIN1014117,1.0
FIN1014118,0.0
FIN1014119,1.0
FIN1014120,0.0
FIN1014121,0.0
FIN1014122,1.0
FIN1014123,0.0
FIN1014124,0.0
FIN1014125,0.0
FIN1014126,1.0
FIN1014127,0.0
FIN1014128,0.0
FIN1014129,1.0
FIN1014130,0.0
FIN1014131,1.0
FIN1014132,1.0
FIN1014133,0.0
FIN1014134,0.0
FIN1014135,1.0
FIN1014136,0.0
FIN1014137,0.0
FIN1014138,0.0
FIN1014139,0.0
FIN1014140,0.0
FIN1014141,0.0
FIN1014142,1.0
FIN1014143,1.0
FIN1014144,0.0
FIN1014145,0.0
FIN1014146,0.0
FIN1014147,1.0
FIN1014148,0.0
FIN1014149,0.0
FIN1014150,1.0
FIN1014151,1.0
FIN1014152,0.0
FIN1014153,1.0
FIN1014154,1.0
FIN1014155,1.0
FIN1014156,0.0
FIN1014157,0.0
FIN1014158,1.0
FIN1014159,0.0
FIN1014160,1.0
FIN1014161,1.0
FIN1014162,0.0
FIN1014163,1.0
FIN1014164,1.0
FIN1014165,0.0
FIN1014166,0.0
FIN1014167,1.0
FIN1014168,1.0
FIN1014169,0.0
FIN1014170,1.0
FIN1014171,1.0
FIN1014172,1.0
FIN1014173,0.0
FIN1014174,1.0
FIN1014175,0.0
FIN1014176,1.0
FIN1014177,0.0
FIN1014178,0.0
FIN1014179,1.0
FIN1014180,0.0
FIN1014181,1.0
FIN1014182,1.0
FIN1014183,1.0
FIN1014184,1.0
FIN1014185,1.0
FIN1014186,1.0
FIN1014187,0.0
FIN1014188,1.0
FIN1014189,1.0
FIN1014190,0.0
FIN1014191,0.0
FIN1014192,1.0
FIN1014193,0.0
FIN1014194,1.0
FIN1014195,1.0
FIN1014196,1.0
FIN1014197,1.0
FIN1014198,0.0
FIN1014199,0.0
FIN1014200,1.0
FIN1014201,0.0
FIN1014202,1.0
FIN1014203,0.0
FIN1014204,0.0
FIN1014205,0.0
FIN1014206,0.0
FIN1014207,0.0
FIN1014208,1.0
FIN1014209,1.0
FIN1014210,0.0
FIN1014211,0.0
FIN1014212,0.0
FIN1014213,1.0
FIN1014214,0.0
FIN1014215,0.0
FIN1014216,1.0
FIN1014217,1.0
FIN1014218,0.0
FIN1014219,0.0
FIN1014220,1.0
FIN1014221,0.0
FIN1014222,0.0
FIN1014223,0.0
FIN1014224,1.0
FIN1014225,1.0
FIN1014226,1.0
FIN1014227,0.0
FIN1014228,1.0
FIN1014229,0.0
FIN1014230,0.0
FIN1014231,1.0
FIN1014232,0.0
FIN1014233,1.0
FIN1014234,1.0
FIN1014235,0.0
FIN1014236,0.0
FIN1014237,1.0
FIN1014238,1.0
FIN1014239,1.0
FIN1014240,0.0
FIN1014241,0.0
FIN1014242,0.0
FIN1014243,1.0
FIN1014244,1.0
FIN1014245,0.0
FIN1014246,1.0
FIN1014247,0.0
FIN1014248,1.0
FIN1014249,1.0
FIN1014250,0.0
FIN1014251,0.0
FIN1014252,0.0
FIN1014253,0.0
FIN1014254,0.0
FIN1014255,1.0
FIN1014256,0.0
FIN1014257,1.0
FIN1014258,0.0
FIN1014259,0.0
FIN1014260,1.0
FIN1014261,0.0
FIN1014262,1.0
FIN1014263,0.0
FIN1014264,0.0
FIN1014265,0.0
FIN1014266,1.0
FIN1014267,0.0
FIN1014268,1.0
FIN1014269,0.0
FIN1014270,1.0
FIN1014271,1.0
FIN1014272,0.0
FIN1014273,0.0
FIN1014274,1.0
FIN1014275,0.0
FIN1014276,1.0
FIN1014277,0.0
FIN1014278,0.0
FIN1014279,0.0
FIN1014280,0.0
FIN1014281,1.0
FIN1014282,0.0
FIN1014283,0.0
FIN1014284,0.0
FIN1014285,0.0
FIN1014286,0.0
FIN1014287,1.0
FIN1014288,0.0
FIN1014289,1.0
FIN1014290,0.0
FIN1014291,0.0
FIN1014292,0.0
FIN1014293,1.0
FIN1014294,0.0
FIN1014295,1.0
FIN1014296,0.0
FIN1014297,1.0
FIN1014298,0.0
FIN1014299,1.0
FIN1014300,0.0
FIN1014301,0.0
FIN1014302,1.0
FIN1014303,0.0
FIN1014304,1.0
FIN1014305,1.0
FIN1014306,1.0
FIN1014307,1.0
FIN1014308,1.0
FIN1014309,0.0
FIN1014310,1.0
FIN1014311,0.0
FIN1014312,0.0
FIN1014313,1.0
FIN1014314,1.0
FIN1014315,0.0
FIN1014316,0.0
FIN1014317,1.0
FIN1014318,0.0
FIN1014319,1.0
FIN1014320,1.0
FIN1014321,0.0
FIN1014322,1.0
FIN1014323,1.0
FIN1014324,1.0
FIN1014325,0.0
FIN1014326,1.0
FIN1014327,0.0
FIN1014328,1.0
FIN1014329,1.0
FIN1014330,0.0
FIN1014331,1.0
FIN1014332,1.0
FIN1014333,0.0
FIN1014334,1.0
FIN1014335,1.0
FIN1014336,1.0
FIN1014337,1.0
FIN1014338,0.0
FIN1014339,0.0
FIN1014340,0.0
FIN1014341,1.0
FIN1014342,0.0
FIN1014343,1.0
FIN1014344,0.0
FIN1014345,0.0
FIN1014346,0.0
FIN1014347,0.0
FIN1014348,1.0
FIN1014349,0.0
FIN1014350,0.0
FIN1014351,0.0
FIN1014352,0.0
FIN1014353,0.0
FIN1014354,1.0
FIN1014355,0.0
FIN1014356,1.0
FIN1014357,0.0
FIN1014358,0.0
FIN1014359,0.0
FIN1014360,1.0
FIN1014361,0.0
FIN1014362,0.0
FIN1014363,1.0
FIN1014364,1.0
FIN1014365,0.0
FIN1014366,1.0
FIN1014367,0.0
FIN1014368,0.0
FIN1014369,0.0
FIN1014370,1.0
FIN1014371,1.0
FIN1014372,0.0
FIN1014373,0.0
FIN1014374,1.0
FIN1014375,0.0
FIN1014376,0.0
FIN1014377,0.0
FIN1014378,0.0
FIN1014379,0.0
FIN1014380,0.0
FIN1014381,0.0
FIN1014382,0.0
FIN1014383,1.0
FIN1014384,0.0
FIN1014385,0.0
FIN1014386,0.0
FIN1014387,0.0
FIN1014388,1.0
FIN1014389,1.0
FIN1014390,0.0
FIN1014391,0.0
FIN1014392,0.0
FIN1014393,0.0
FIN1014394,0.0
FIN1014395,1.0
FIN1014396,0.0
FIN1014397,1.0
FIN1014398,1.0
FIN1014399,1.0
FIN1014400,0.0
FIN1014401,0.0
FIN1014402,1.0
FIN1014403,1.0
FIN1014404,0.0
FIN1014405,0.0
FIN1014406,1.0
FIN1014407,1.0
FIN1014408,0.0
FIN1014409,1.0
FIN1014410,0.0
FIN1014411,0.0
FIN1014412,0.0
FIN1014413,0.0
FIN1014414,0.0
FIN1014415,0.0
FIN1014416,1.0
FIN1014417,1.0
FIN1014418,0.0
FIN1014419,0.0
FIN1014420,0.0
FIN1014421,0.0
FIN1014422,0.0
FIN1014423,0.0
FIN1014424,0.0
FIN1014425,1.0
FIN1014426,0.0
FIN1014427,0.0
FIN1014428,1.0
FIN1014429,0.0
FIN1014430,1.0
FIN1014431,0.0
FIN1014432,0.0
FIN1014433,0.0
FIN1014434,1.0
FIN1014435,0.0
FIN1014436,1.0
FIN1014437,0.0
FIN1014438,0.0
FIN1014439,1.0
FIN1014440,1.0
FIN1014441,1.0
FIN1014442,1.0
FIN1014443,1.0
FIN1014444,0.0
FIN1014445,0.0
FIN1014446,0.0
FIN1014447,1.0
FIN1014448,1.0
FIN1014449,1.0
FIN1014450,0.0
FIN1014451,0.0
FIN1014452,0.0
FIN1014453,1.0
FIN1014454,0.0
FIN1014455,1.0
FIN1014456,1.0
FIN1014457,1.0
FIN1014458,0.0
FIN1014459,0.0
FIN1014460,0.0
FIN1014461,0.0
FIN1014462,0.0
FIN1014463,0.0
FIN1014464,0.0
FIN1014465,0.0
FIN1014466,0.0
FIN1014467,0.0
FIN1014468,1.0
FIN1014469,1.0
FIN1014470,1.0
FIN1014471,1.0
FIN1014472,1.0
FIN1014473,0.0
FIN1014474,1.0
FIN1014475,1.0
FIN1014476,0.0
FIN1014477,0.0
FIN1014478,0.0
FIN1014479,1.0
FIN1014480,1.0
FIN1014481,1.0
FIN1014482,0.0
FIN1014483,0.0
FIN1014484,1.0
FIN1014485,0.0
FIN1014486,0.0
FIN1014487,1.0
FIN1014488,0.0
FIN1014489,1.0
FIN1014490,0.0
FIN1014491,0.0
FIN1014492,0.0
FIN1014493,1.0
FIN1014494,1.0
FIN1014495,1.0
FIN1014496,0.0
FIN1014497,1.0
FIN1014498,0.0
FIN1014499,1.0
FIN1014500,1.0
FIN1014501,1.0
FIN1014502,1.0
FIN1014503,0.0
FIN1014504,1.0
FIN1014505,1.0
FIN1014506,0.0
FIN1014507,0.0
FIN1014508,1.0
FIN1014509,0.0
FIN1014510,0.0
FIN1014511,1.0
FIN1014512,1.0
FIN1014513,0.0
FIN1014514,0.0
FIN1014515,0.0
FIN1014516,0.0
FIN1014517,0.0
FIN1014518,0.0
FIN1014519,1.0
FIN1014520,0.0
FIN1014521,1.0
FIN1014522,1.0
FIN1014523,1.0
FIN1014524,1.0
FIN1014525,1.0
FIN1014526,1.0
FIN1014527,1.0
FIN1014528,0.0
FIN1014529,0.0
FIN1014530,1.0
FIN1014531,0.0
FIN1014532,1.0
FIN1014533,1.0
FIN1014534,0.0
FIN1014535,0.0
FIN1014536,0.0
FIN1014537,0.0
FIN1014538,1.0
FIN1014539,0.0
FIN1014540,1.0
FIN1014541,1.0
FIN1014542,1.0
FIN1014543,0.0
FIN1014544,1.0
FIN1014545,0.0
FIN1014546,1.0
FIN1014547,1.0
FIN1014548,0.0
FIN1014549,1.0
FIN1014550,0.0
FIN1014551,1.0
FIN1014552,0.0
FIN1014553,0.0
FIN1014554,0.0
FIN1014555,0.0
FIN1014556,0.0
FIN1014557,1.0
FIN1014558,0.0
FIN1014559,0.0
FIN1014560,0.0
FIN1014561,0.0
FIN1014562,0.0
FIN1014563,0.0
FIN1014564,0.0
FIN1014565,1.0
FIN1014566,0.0
FIN1014567,0.0
FIN1014568,1.0
FIN1014569,1.0
FIN1014570,1.0
FIN1014571,0.0
FIN1014572,0.0
